{
 "type": "FeatureCollection",
 "name": "kamikura_study",
 "crs_note": "WGS84 lon/lat; built in JGD2011 / Japan Plane Rectangular CS VI (EPSG:6674)",
 "source": "no-one-is-an-island · Kansai page · kansai/tools/kamikura (GSI DEM1A, © OpenStreetMap contributors ODbL)",
 "features": [
  {
   "type": "Feature",
   "properties": {
    "name": "神倉山麓 study area · Kamikura mountain foot",
    "area_ha": 5.23,
    "ns_m": 286,
    "ew_m": 234,
    "buildings": 127
   },
   "geometry": {
    "type": "Polygon",
    "coordinates": [
     [
      [
       135.9836194,
       33.726331
      ],
      [
       135.9840554,
       33.726331
      ],
      [
       135.9845219,
       33.726405
      ],
      [
       135.9850961,
       33.7263717
      ],
      [
       135.9850898,
       33.7263156
      ],
      [
       135.9853202,
       33.7263068
      ],
      [
       135.9860946,
       33.726277
      ],
      [
       135.9860773,
       33.7259674
      ],
      [
       135.9860372,
       33.7257789
      ],
      [
       135.9859574,
       33.7256166
      ],
      [
       135.9855145,
       33.7249827
      ],
      [
       135.9855229,
       33.7244452
      ],
      [
       135.9855144,
       33.7243303
      ],
      [
       135.985603,
       33.7242517
      ],
      [
       135.9855687,
       33.7240578
      ],
      [
       135.9855186,
       33.7238281
      ],
      [
       135.9850696,
       33.7238984
      ],
      [
       135.9846294,
       33.7239339
      ],
      [
       135.9846289,
       33.7239301
      ],
      [
       135.9842304,
       33.7239636
      ],
      [
       135.9838465,
       33.7239636
      ],
      [
       135.9838465,
       33.7239662
      ],
      [
       135.9838411,
       33.7239707
      ],
      [
       135.9838357,
       33.7239752
      ],
      [
       135.9838357,
       33.7239842
      ],
      [
       135.9838303,
       33.7239888
      ],
      [
       135.9838249,
       33.7239933
      ],
      [
       135.9838249,
       33.7240023
      ],
      [
       135.9838195,
       33.7240068
      ],
      [
       135.9838141,
       33.7240113
      ],
      [
       135.9838141,
       33.7240203
      ],
      [
       135.9838141,
       33.7240293
      ],
      [
       135.9838087,
       33.7240338
      ],
      [
       135.9838033,
       33.7240383
      ],
      [
       135.9838033,
       33.7240474
      ],
      [
       135.9838033,
       33.7240564
      ],
      [
       135.9838033,
       33.7240654
      ],
      [
       135.9838033,
       33.7240744
      ],
      [
       135.9838033,
       33.7240834
      ],
      [
       135.9838033,
       33.7240924
      ],
      [
       135.9838033,
       33.7241015
      ],
      [
       135.9838033,
       33.7241105
      ],
      [
       135.9838033,
       33.7241195
      ],
      [
       135.9838033,
       33.7241285
      ],
      [
       135.9838033,
       33.7241375
      ],
      [
       135.9838033,
       33.7241465
      ],
      [
       135.9838033,
       33.7241556
      ],
      [
       135.9838033,
       33.7241646
      ],
      [
       135.9838033,
       33.7241736
      ],
      [
       135.9837979,
       33.7241781
      ],
      [
       135.9837925,
       33.7241826
      ],
      [
       135.9837871,
       33.7241871
      ],
      [
       135.9837763,
       33.7241871
      ],
      [
       135.9837709,
       33.7241916
      ],
      [
       135.9837655,
       33.7241961
      ],
      [
       135.9837601,
       33.7242006
      ],
      [
       135.9837547,
       33.7242051
      ],
      [
       135.9837493,
       33.7242097
      ],
      [
       135.9837439,
       33.7242142
      ],
      [
       135.9837385,
       33.7242187
      ],
      [
       135.9837385,
       33.7242277
      ],
      [
       135.9837331,
       33.7242322
      ],
      [
       135.9837277,
       33.7242367
      ],
      [
       135.9837223,
       33.7242412
      ],
      [
       135.9837169,
       33.7242457
      ],
      [
       135.9837169,
       33.7242547
      ],
      [
       135.9837115,
       33.7242592
      ],
      [
       135.9837061,
       33.7242637
      ],
      [
       135.9837061,
       33.7242728
      ],
      [
       135.9837007,
       33.7242773
      ],
      [
       135.9836953,
       33.7242818
      ],
      [
       135.9836953,
       33.7242908
      ],
      [
       135.9836953,
       33.7242998
      ],
      [
       135.9836899,
       33.7243043
      ],
      [
       135.9836846,
       33.7243088
      ],
      [
       135.9836845,
       33.7243178
      ],
      [
       135.9836845,
       33.7243269
      ],
      [
       135.9836845,
       33.7243359
      ],
      [
       135.9836845,
       33.7243449
      ],
      [
       135.9836845,
       33.7243539
      ],
      [
       135.9836845,
       33.7243629
      ],
      [
       135.9836845,
       33.7243719
      ],
      [
       135.9836845,
       33.724381
      ],
      [
       135.9836845,
       33.72439
      ],
      [
       135.9836791,
       33.7243945
      ],
      [
       135.9836737,
       33.724399
      ],
      [
       135.9836737,
       33.724408
      ],
      [
       135.9836737,
       33.724417
      ],
      [
       135.9836683,
       33.7244215
      ],
      [
       135.9836629,
       33.724426
      ],
      [
       135.9836629,
       33.7244351
      ],
      [
       135.9836629,
       33.7244441
      ],
      [
       135.9836629,
       33.7244531
      ],
      [
       135.9836629,
       33.7244621
      ],
      [
       135.9836629,
       33.7244711
      ],
      [
       135.9836629,
       33.7244801
      ],
      [
       135.9836629,
       33.7244892
      ],
      [
       135.9836629,
       33.7244982
      ],
      [
       135.9836629,
       33.7245072
      ],
      [
       135.9836629,
       33.7245162
      ],
      [
       135.9836629,
       33.7245252
      ],
      [
       135.9836629,
       33.7245342
      ],
      [
       135.9836629,
       33.7245433
      ],
      [
       135.9836629,
       33.7245523
      ],
      [
       135.9836575,
       33.7245568
      ],
      [
       135.9836521,
       33.7245613
      ],
      [
       135.9836521,
       33.7245703
      ],
      [
       135.9836521,
       33.7245793
      ],
      [
       135.9836521,
       33.7245883
      ],
      [
       135.9836467,
       33.7245928
      ],
      [
       135.9836413,
       33.7245974
      ],
      [
       135.9836413,
       33.7246064
      ],
      [
       135.9836413,
       33.7246154
      ],
      [
       135.9836359,
       33.7246199
      ],
      [
       135.9836305,
       33.7246244
      ],
      [
       135.9836305,
       33.7246334
      ],
      [
       135.9836305,
       33.7246424
      ],
      [
       135.9836305,
       33.7246514
      ],
      [
       135.9836305,
       33.7246605
      ],
      [
       135.9836305,
       33.7246695
      ],
      [
       135.9836305,
       33.7246785
      ],
      [
       135.9836251,
       33.724683
      ],
      [
       135.9836197,
       33.7246875
      ],
      [
       135.9836197,
       33.7246965
      ],
      [
       135.9836143,
       33.724701
      ],
      [
       135.9836089,
       33.7247055
      ],
      [
       135.9836089,
       33.7247146
      ],
      [
       135.9836089,
       33.7247236
      ],
      [
       135.9836035,
       33.7247281
      ],
      [
       135.9835981,
       33.7247326
      ],
      [
       135.9835981,
       33.7247416
      ],
      [
       135.9835981,
       33.7247506
      ],
      [
       135.9835981,
       33.7247596
      ],
      [
       135.9835981,
       33.7247687
      ],
      [
       135.9835927,
       33.7247732
      ],
      [
       135.9835873,
       33.7247777
      ],
      [
       135.9835873,
       33.7247867
      ],
      [
       135.9835873,
       33.7247957
      ],
      [
       135.9835873,
       33.7248047
      ],
      [
       135.9835873,
       33.7248137
      ],
      [
       135.9835873,
       33.7248228
      ],
      [
       135.9835873,
       33.7248318
      ],
      [
       135.9835873,
       33.7248408
      ],
      [
       135.9835873,
       33.7248498
      ],
      [
       135.9835873,
       33.7248588
      ],
      [
       135.9835873,
       33.7248678
      ],
      [
       135.9835873,
       33.7248769
      ],
      [
       135.9835873,
       33.7248859
      ],
      [
       135.9835873,
       33.7248949
      ],
      [
       135.9835873,
       33.7249039
      ],
      [
       135.9835927,
       33.7249084
      ],
      [
       135.9835981,
       33.7249129
      ],
      [
       135.9835981,
       33.7249219
      ],
      [
       135.9835981,
       33.724931
      ],
      [
       135.9835981,
       33.72494
      ],
      [
       135.9835981,
       33.724949
      ],
      [
       135.9835981,
       33.724958
      ],
      [
       135.9835981,
       33.724967
      ],
      [
       135.9835981,
       33.724976
      ],
      [
       135.9835981,
       33.7249851
      ],
      [
       135.9835981,
       33.7249941
      ],
      [
       135.9835981,
       33.7250031
      ],
      [
       135.9835981,
       33.7250121
      ],
      [
       135.9835981,
       33.7250211
      ],
      [
       135.9835981,
       33.7250301
      ],
      [
       135.9835981,
       33.7250392
      ],
      [
       135.9835981,
       33.7250482
      ],
      [
       135.9835981,
       33.7250572
      ],
      [
       135.9835981,
       33.7250662
      ],
      [
       135.9835981,
       33.7250752
      ],
      [
       135.9835981,
       33.7250842
      ],
      [
       135.9835981,
       33.7250933
      ],
      [
       135.9835981,
       33.7251023
      ],
      [
       135.9836035,
       33.7251068
      ],
      [
       135.9836089,
       33.7251113
      ],
      [
       135.9836089,
       33.7251203
      ],
      [
       135.9836089,
       33.7251293
      ],
      [
       135.9836089,
       33.7251383
      ],
      [
       135.9836089,
       33.7251474
      ],
      [
       135.9836089,
       33.7251564
      ],
      [
       135.9836089,
       33.7251654
      ],
      [
       135.9836089,
       33.7251744
      ],
      [
       135.9836089,
       33.7251834
      ],
      [
       135.9836088,
       33.7251924
      ],
      [
       135.9836088,
       33.7252015
      ],
      [
       135.9836035,
       33.725206
      ],
      [
       135.9835981,
       33.7252105
      ],
      [
       135.9835981,
       33.7252195
      ],
      [
       135.9835927,
       33.725224
      ],
      [
       135.9835873,
       33.7252285
      ],
      [
       135.9835873,
       33.7252375
      ],
      [
       135.9835873,
       33.7252465
      ],
      [
       135.9835819,
       33.725251
      ],
      [
       135.9835765,
       33.7252556
      ],
      [
       135.9835765,
       33.7252646
      ],
      [
       135.9835765,
       33.7252736
      ],
      [
       135.9835765,
       33.7252826
      ],
      [
       135.9835765,
       33.7252916
      ],
      [
       135.9835765,
       33.7253006
      ],
      [
       135.9835765,
       33.7253097
      ],
      [
       135.9835765,
       33.7253187
      ],
      [
       135.9835765,
       33.7253277
      ],
      [
       135.9835764,
       33.7253367
      ],
      [
       135.9835711,
       33.7253412
      ],
      [
       135.9835657,
       33.7253457
      ],
      [
       135.9835657,
       33.7253547
      ],
      [
       135.9835657,
       33.7253638
      ],
      [
       135.9835657,
       33.7253728
      ],
      [
       135.9835656,
       33.7253818
      ],
      [
       135.9835656,
       33.7253908
      ],
      [
       135.9835656,
       33.7253998
      ],
      [
       135.9835656,
       33.7254088
      ],
      [
       135.9835656,
       33.7254179
      ],
      [
       135.9835656,
       33.7254269
      ],
      [
       135.9835656,
       33.7254359
      ],
      [
       135.9835656,
       33.7254449
      ],
      [
       135.9835656,
       33.7254539
      ],
      [
       135.983571,
       33.7254584
      ],
      [
       135.9835764,
       33.7254629
      ],
      [
       135.9835764,
       33.725472
      ],
      [
       135.9835764,
       33.725481
      ],
      [
       135.9835818,
       33.7254855
      ],
      [
       135.9835872,
       33.72549
      ],
      [
       135.9835872,
       33.725499
      ],
      [
       135.9835926,
       33.7255035
      ],
      [
       135.983598,
       33.725508
      ],
      [
       135.983598,
       33.725517
      ],
      [
       135.9836034,
       33.7255215
      ],
      [
       135.9836088,
       33.7255261
      ],
      [
       135.9836142,
       33.7255306
      ],
      [
       135.9836196,
       33.7255351
      ],
      [
       135.9836196,
       33.7255441
      ],
      [
       135.983625,
       33.7255486
      ],
      [
       135.9836304,
       33.7255531
      ],
      [
       135.9836304,
       33.7255621
      ],
      [
       135.9836304,
       33.7255711
      ],
      [
       135.9836304,
       33.7255802
      ],
      [
       135.9836304,
       33.7255892
      ],
      [
       135.9836304,
       33.7255982
      ],
      [
       135.983625,
       33.7256027
      ],
      [
       135.9836196,
       33.7256072
      ],
      [
       135.9836196,
       33.7256162
      ],
      [
       135.9836196,
       33.7256252
      ],
      [
       135.9836196,
       33.7256343
      ],
      [
       135.9836196,
       33.7256433
      ],
      [
       135.9836196,
       33.7256523
      ],
      [
       135.9836196,
       33.7256613
      ],
      [
       135.9836195,
       33.7256703
      ],
      [
       135.9836195,
       33.7256793
      ],
      [
       135.9836195,
       33.7256884
      ],
      [
       135.9836195,
       33.7256974
      ],
      [
       135.9836195,
       33.7257064
      ],
      [
       135.9836195,
       33.7257154
      ],
      [
       135.9836195,
       33.7257244
      ],
      [
       135.9836195,
       33.7257334
      ],
      [
       135.9836249,
       33.725738
      ],
      [
       135.9836303,
       33.7257425
      ],
      [
       135.9836303,
       33.7257515
      ],
      [
       135.9836303,
       33.7257605
      ],
      [
       135.9836303,
       33.7257695
      ],
      [
       135.9836303,
       33.7257785
      ],
      [
       135.9836303,
       33.7257875
      ],
      [
       135.9836303,
       33.7257966
      ],
      [
       135.9836303,
       33.7258056
      ],
      [
       135.9836357,
       33.7258101
      ],
      [
       135.9836411,
       33.7258146
      ],
      [
       135.9836411,
       33.7258236
      ],
      [
       135.9836411,
       33.7258326
      ],
      [
       135.9836465,
       33.7258371
      ],
      [
       135.9836519,
       33.7258416
      ],
      [
       135.9836519,
       33.7258507
      ],
      [
       135.9836519,
       33.7258597
      ],
      [
       135.9836519,
       33.7258687
      ],
      [
       135.9836519,
       33.7258777
      ],
      [
       135.9836519,
       33.7258867
      ],
      [
       135.9836519,
       33.7258957
      ],
      [
       135.9836519,
       33.7259048
      ],
      [
       135.9836519,
       33.7259138
      ],
      [
       135.9836465,
       33.7259183
      ],
      [
       135.9836411,
       33.7259228
      ],
      [
       135.9836357,
       33.7259273
      ],
      [
       135.9836303,
       33.7259318
      ],
      [
       135.9836303,
       33.7259408
      ],
      [
       135.9836249,
       33.7259453
      ],
      [
       135.9836195,
       33.7259498
      ],
      [
       135.9836141,
       33.7259543
      ],
      [
       135.9836087,
       33.7259589
      ],
      [
       135.9836087,
       33.7259679
      ],
      [
       135.9836033,
       33.7259724
      ],
      [
       135.9835979,
       33.7259769
      ],
      [
       135.9835979,
       33.7259859
      ],
      [
       135.9835925,
       33.7259904
      ],
      [
       135.9835871,
       33.7259949
      ],
      [
       135.9835871,
       33.7260039
      ],
      [
       135.9835871,
       33.726013
      ],
      [
       135.9835817,
       33.7260175
      ],
      [
       135.9835763,
       33.726022
      ],
      [
       135.9835763,
       33.726031
      ],
      [
       135.9835763,
       33.72604
      ],
      [
       135.9835763,
       33.726049
      ],
      [
       135.9835763,
       33.726058
      ],
      [
       135.9835763,
       33.7260671
      ],
      [
       135.9835763,
       33.7260761
      ],
      [
       135.9835763,
       33.7260851
      ],
      [
       135.9835763,
       33.7260941
      ],
      [
       135.9835763,
       33.7261031
      ],
      [
       135.9835763,
       33.7261121
      ],
      [
       135.9835763,
       33.7261212
      ],
      [
       135.9835763,
       33.7261302
      ],
      [
       135.9835763,
       33.7261392
      ],
      [
       135.9835763,
       33.7261482
      ],
      [
       135.9835817,
       33.7261527
      ],
      [
       135.9835871,
       33.7261572
      ],
      [
       135.9835871,
       33.7261662
      ],
      [
       135.9835871,
       33.7261753
      ],
      [
       135.9835925,
       33.7261798
      ],
      [
       135.9835979,
       33.7261843
      ],
      [
       135.9835979,
       33.7261933
      ],
      [
       135.9836033,
       33.7261978
      ],
      [
       135.9836087,
       33.7262023
      ],
      [
       135.9836087,
       33.7262113
      ],
      [
       135.9836087,
       33.7262203
      ],
      [
       135.9836087,
       33.7262294
      ],
      [
       135.9836086,
       33.7262384
      ],
      [
       135.9836086,
       33.7262474
      ],
      [
       135.9836086,
       33.7262564
      ],
      [
       135.9836086,
       33.7262654
      ],
      [
       135.9836086,
       33.7262744
      ],
      [
       135.9836086,
       33.7262835
      ],
      [
       135.9836086,
       33.7262925
      ],
      [
       135.9836086,
       33.7263015
      ],
      [
       135.9836086,
       33.7263105
      ],
      [
       135.983614,
       33.726315
      ],
      [
       135.9836194,
       33.7263195
      ],
      [
       135.9836194,
       33.7263285
      ],
      [
       135.9836194,
       33.726331
      ]
     ]
    ]
   }
  },
  {
   "type": "Feature",
   "properties": {
    "name": "west edge",
    "rule": "25 m (horizontal) upslope of the slope break on GSI DEM1A (1 m)"
   },
   "geometry": {
    "type": "MultiLineString",
    "coordinates": [
     [
      [
       135.9836194,
       33.726331
      ],
      [
       135.9836248,
       33.726331
      ]
     ],
     [
      [
       135.9838519,
       33.7239636
      ],
      [
       135.9838465,
       33.7239636
      ],
      [
       135.9838465,
       33.7239662
      ],
      [
       135.9838411,
       33.7239707
      ],
      [
       135.9838357,
       33.7239752
      ],
      [
       135.9838357,
       33.7239842
      ],
      [
       135.9838303,
       33.7239888
      ],
      [
       135.9838249,
       33.7239933
      ],
      [
       135.9838249,
       33.7240023
      ],
      [
       135.9838195,
       33.7240068
      ],
      [
       135.9838141,
       33.7240113
      ],
      [
       135.9838141,
       33.7240203
      ],
      [
       135.9838141,
       33.7240293
      ],
      [
       135.9838087,
       33.7240338
      ],
      [
       135.9838033,
       33.7240383
      ],
      [
       135.9838033,
       33.7240474
      ],
      [
       135.9838033,
       33.7240564
      ],
      [
       135.9838033,
       33.7240654
      ],
      [
       135.9838033,
       33.7240744
      ],
      [
       135.9838033,
       33.7240834
      ],
      [
       135.9838033,
       33.7240924
      ],
      [
       135.9838033,
       33.7241015
      ],
      [
       135.9838033,
       33.7241105
      ],
      [
       135.9838033,
       33.7241195
      ],
      [
       135.9838033,
       33.7241285
      ],
      [
       135.9838033,
       33.7241375
      ],
      [
       135.9838033,
       33.7241465
      ],
      [
       135.9838033,
       33.7241556
      ],
      [
       135.9838033,
       33.7241646
      ],
      [
       135.9838033,
       33.7241736
      ],
      [
       135.9837979,
       33.7241781
      ],
      [
       135.9837925,
       33.7241826
      ],
      [
       135.9837871,
       33.7241871
      ],
      [
       135.9837763,
       33.7241871
      ],
      [
       135.9837709,
       33.7241916
      ],
      [
       135.9837655,
       33.7241961
      ],
      [
       135.9837601,
       33.7242006
      ],
      [
       135.9837547,
       33.7242051
      ],
      [
       135.9837493,
       33.7242097
      ],
      [
       135.9837439,
       33.7242142
      ],
      [
       135.9837385,
       33.7242187
      ],
      [
       135.9837385,
       33.7242277
      ],
      [
       135.9837331,
       33.7242322
      ],
      [
       135.9837277,
       33.7242367
      ],
      [
       135.9837223,
       33.7242412
      ],
      [
       135.9837169,
       33.7242457
      ],
      [
       135.9837169,
       33.7242547
      ],
      [
       135.9837115,
       33.7242592
      ],
      [
       135.9837061,
       33.7242637
      ],
      [
       135.9837061,
       33.7242728
      ],
      [
       135.9837007,
       33.7242773
      ],
      [
       135.9836953,
       33.7242818
      ],
      [
       135.9836953,
       33.7242908
      ],
      [
       135.9836953,
       33.7242998
      ],
      [
       135.9836899,
       33.7243043
      ],
      [
       135.9836846,
       33.7243088
      ],
      [
       135.9836845,
       33.7243178
      ],
      [
       135.9836845,
       33.7243269
      ],
      [
       135.9836845,
       33.7243359
      ],
      [
       135.9836845,
       33.7243449
      ],
      [
       135.9836845,
       33.7243539
      ],
      [
       135.9836845,
       33.7243629
      ],
      [
       135.9836845,
       33.7243719
      ],
      [
       135.9836845,
       33.724381
      ],
      [
       135.9836845,
       33.72439
      ],
      [
       135.9836791,
       33.7243945
      ],
      [
       135.9836737,
       33.724399
      ],
      [
       135.9836737,
       33.724408
      ],
      [
       135.9836737,
       33.724417
      ],
      [
       135.9836683,
       33.7244215
      ],
      [
       135.9836629,
       33.724426
      ],
      [
       135.9836629,
       33.7244351
      ],
      [
       135.9836629,
       33.7244441
      ],
      [
       135.9836629,
       33.7244531
      ],
      [
       135.9836629,
       33.7244621
      ],
      [
       135.9836629,
       33.7244711
      ],
      [
       135.9836629,
       33.7244801
      ],
      [
       135.9836629,
       33.7244892
      ],
      [
       135.9836629,
       33.7244982
      ],
      [
       135.9836629,
       33.7245072
      ],
      [
       135.9836629,
       33.7245162
      ],
      [
       135.9836629,
       33.7245252
      ],
      [
       135.9836629,
       33.7245342
      ],
      [
       135.9836629,
       33.7245433
      ],
      [
       135.9836629,
       33.7245523
      ],
      [
       135.9836575,
       33.7245568
      ],
      [
       135.9836521,
       33.7245613
      ],
      [
       135.9836521,
       33.7245703
      ],
      [
       135.9836521,
       33.7245793
      ],
      [
       135.9836521,
       33.7245883
      ],
      [
       135.9836467,
       33.7245928
      ],
      [
       135.9836413,
       33.7245974
      ],
      [
       135.9836413,
       33.7246064
      ],
      [
       135.9836413,
       33.7246154
      ],
      [
       135.9836359,
       33.7246199
      ],
      [
       135.9836305,
       33.7246244
      ],
      [
       135.9836305,
       33.7246334
      ],
      [
       135.9836305,
       33.7246424
      ],
      [
       135.9836305,
       33.7246514
      ],
      [
       135.9836305,
       33.7246605
      ],
      [
       135.9836305,
       33.7246695
      ],
      [
       135.9836305,
       33.7246785
      ],
      [
       135.9836251,
       33.724683
      ],
      [
       135.9836197,
       33.7246875
      ],
      [
       135.9836197,
       33.7246965
      ],
      [
       135.9836143,
       33.724701
      ],
      [
       135.9836089,
       33.7247055
      ],
      [
       135.9836089,
       33.7247146
      ],
      [
       135.9836089,
       33.7247236
      ],
      [
       135.9836035,
       33.7247281
      ],
      [
       135.9835981,
       33.7247326
      ],
      [
       135.9835981,
       33.7247416
      ],
      [
       135.9835981,
       33.7247506
      ],
      [
       135.9835981,
       33.7247596
      ],
      [
       135.9835981,
       33.7247687
      ],
      [
       135.9835927,
       33.7247732
      ],
      [
       135.9835873,
       33.7247777
      ],
      [
       135.9835873,
       33.7247867
      ],
      [
       135.9835873,
       33.7247957
      ],
      [
       135.9835873,
       33.7248047
      ],
      [
       135.9835873,
       33.7248137
      ],
      [
       135.9835873,
       33.7248228
      ],
      [
       135.9835873,
       33.7248318
      ],
      [
       135.9835873,
       33.7248408
      ],
      [
       135.9835873,
       33.7248498
      ],
      [
       135.9835873,
       33.7248588
      ],
      [
       135.9835873,
       33.7248678
      ],
      [
       135.9835873,
       33.7248769
      ],
      [
       135.9835873,
       33.7248859
      ],
      [
       135.9835873,
       33.7248949
      ],
      [
       135.9835873,
       33.7249039
      ],
      [
       135.9835927,
       33.7249084
      ],
      [
       135.9835981,
       33.7249129
      ],
      [
       135.9835981,
       33.7249219
      ],
      [
       135.9835981,
       33.724931
      ],
      [
       135.9835981,
       33.72494
      ],
      [
       135.9835981,
       33.724949
      ],
      [
       135.9835981,
       33.724958
      ],
      [
       135.9835981,
       33.724967
      ],
      [
       135.9835981,
       33.724976
      ],
      [
       135.9835981,
       33.7249851
      ],
      [
       135.9835981,
       33.7249941
      ],
      [
       135.9835981,
       33.7250031
      ],
      [
       135.9835981,
       33.7250121
      ],
      [
       135.9835981,
       33.7250211
      ],
      [
       135.9835981,
       33.7250301
      ],
      [
       135.9835981,
       33.7250392
      ],
      [
       135.9835981,
       33.7250482
      ],
      [
       135.9835981,
       33.7250572
      ],
      [
       135.9835981,
       33.7250662
      ],
      [
       135.9835981,
       33.7250752
      ],
      [
       135.9835981,
       33.7250842
      ],
      [
       135.9835981,
       33.7250933
      ],
      [
       135.9835981,
       33.7251023
      ],
      [
       135.9836035,
       33.7251068
      ],
      [
       135.9836089,
       33.7251113
      ],
      [
       135.9836089,
       33.7251203
      ],
      [
       135.9836089,
       33.7251293
      ],
      [
       135.9836089,
       33.7251383
      ],
      [
       135.9836089,
       33.7251474
      ],
      [
       135.9836089,
       33.7251564
      ],
      [
       135.9836089,
       33.7251654
      ],
      [
       135.9836089,
       33.7251744
      ],
      [
       135.9836089,
       33.7251834
      ],
      [
       135.9836088,
       33.7251924
      ],
      [
       135.9836088,
       33.7252015
      ],
      [
       135.9836035,
       33.725206
      ],
      [
       135.9835981,
       33.7252105
      ],
      [
       135.9835981,
       33.7252195
      ],
      [
       135.9835927,
       33.725224
      ],
      [
       135.9835873,
       33.7252285
      ],
      [
       135.9835873,
       33.7252375
      ],
      [
       135.9835873,
       33.7252465
      ],
      [
       135.9835819,
       33.725251
      ],
      [
       135.9835765,
       33.7252556
      ],
      [
       135.9835765,
       33.7252646
      ],
      [
       135.9835765,
       33.7252736
      ],
      [
       135.9835765,
       33.7252826
      ],
      [
       135.9835765,
       33.7252916
      ],
      [
       135.9835765,
       33.7253006
      ],
      [
       135.9835765,
       33.7253097
      ],
      [
       135.9835765,
       33.7253187
      ],
      [
       135.9835765,
       33.7253277
      ],
      [
       135.9835764,
       33.7253367
      ],
      [
       135.9835711,
       33.7253412
      ],
      [
       135.9835657,
       33.7253457
      ],
      [
       135.9835657,
       33.7253547
      ],
      [
       135.9835657,
       33.7253638
      ],
      [
       135.9835657,
       33.7253728
      ],
      [
       135.9835656,
       33.7253818
      ],
      [
       135.9835656,
       33.7253908
      ],
      [
       135.9835656,
       33.7253998
      ],
      [
       135.9835656,
       33.7254088
      ],
      [
       135.9835656,
       33.7254179
      ],
      [
       135.9835656,
       33.7254269
      ],
      [
       135.9835656,
       33.7254359
      ],
      [
       135.9835656,
       33.7254449
      ],
      [
       135.9835656,
       33.7254539
      ],
      [
       135.983571,
       33.7254584
      ],
      [
       135.9835764,
       33.7254629
      ],
      [
       135.9835764,
       33.725472
      ],
      [
       135.9835764,
       33.725481
      ],
      [
       135.9835818,
       33.7254855
      ],
      [
       135.9835872,
       33.72549
      ],
      [
       135.9835872,
       33.725499
      ],
      [
       135.9835926,
       33.7255035
      ],
      [
       135.983598,
       33.725508
      ],
      [
       135.983598,
       33.725517
      ],
      [
       135.9836034,
       33.7255215
      ],
      [
       135.9836088,
       33.7255261
      ],
      [
       135.9836142,
       33.7255306
      ],
      [
       135.9836196,
       33.7255351
      ],
      [
       135.9836196,
       33.7255441
      ],
      [
       135.983625,
       33.7255486
      ],
      [
       135.9836304,
       33.7255531
      ],
      [
       135.9836304,
       33.7255621
      ],
      [
       135.9836304,
       33.7255711
      ],
      [
       135.9836304,
       33.7255802
      ],
      [
       135.9836304,
       33.7255892
      ],
      [
       135.9836304,
       33.7255982
      ],
      [
       135.983625,
       33.7256027
      ],
      [
       135.9836196,
       33.7256072
      ],
      [
       135.9836196,
       33.7256162
      ],
      [
       135.9836196,
       33.7256252
      ],
      [
       135.9836196,
       33.7256343
      ],
      [
       135.9836196,
       33.7256433
      ],
      [
       135.9836196,
       33.7256523
      ],
      [
       135.9836196,
       33.7256613
      ],
      [
       135.9836195,
       33.7256703
      ],
      [
       135.9836195,
       33.7256793
      ],
      [
       135.9836195,
       33.7256884
      ],
      [
       135.9836195,
       33.7256974
      ],
      [
       135.9836195,
       33.7257064
      ],
      [
       135.9836195,
       33.7257154
      ],
      [
       135.9836195,
       33.7257244
      ],
      [
       135.9836195,
       33.7257334
      ],
      [
       135.9836249,
       33.725738
      ],
      [
       135.9836303,
       33.7257425
      ],
      [
       135.9836303,
       33.7257515
      ],
      [
       135.9836303,
       33.7257605
      ],
      [
       135.9836303,
       33.7257695
      ],
      [
       135.9836303,
       33.7257785
      ],
      [
       135.9836303,
       33.7257875
      ],
      [
       135.9836303,
       33.7257966
      ],
      [
       135.9836303,
       33.7258056
      ],
      [
       135.9836357,
       33.7258101
      ],
      [
       135.9836411,
       33.7258146
      ],
      [
       135.9836411,
       33.7258236
      ],
      [
       135.9836411,
       33.7258326
      ],
      [
       135.9836465,
       33.7258371
      ],
      [
       135.9836519,
       33.7258416
      ],
      [
       135.9836519,
       33.7258507
      ],
      [
       135.9836519,
       33.7258597
      ],
      [
       135.9836519,
       33.7258687
      ],
      [
       135.9836519,
       33.7258777
      ],
      [
       135.9836519,
       33.7258867
      ],
      [
       135.9836519,
       33.7258957
      ],
      [
       135.9836519,
       33.7259048
      ],
      [
       135.9836519,
       33.7259138
      ],
      [
       135.9836465,
       33.7259183
      ],
      [
       135.9836411,
       33.7259228
      ],
      [
       135.9836357,
       33.7259273
      ],
      [
       135.9836303,
       33.7259318
      ],
      [
       135.9836303,
       33.7259408
      ],
      [
       135.9836249,
       33.7259453
      ],
      [
       135.9836195,
       33.7259498
      ],
      [
       135.9836141,
       33.7259543
      ],
      [
       135.9836087,
       33.7259589
      ],
      [
       135.9836087,
       33.7259679
      ],
      [
       135.9836033,
       33.7259724
      ],
      [
       135.9835979,
       33.7259769
      ],
      [
       135.9835979,
       33.7259859
      ],
      [
       135.9835925,
       33.7259904
      ],
      [
       135.9835871,
       33.7259949
      ],
      [
       135.9835871,
       33.7260039
      ],
      [
       135.9835871,
       33.726013
      ],
      [
       135.9835817,
       33.7260175
      ],
      [
       135.9835763,
       33.726022
      ],
      [
       135.9835763,
       33.726031
      ],
      [
       135.9835763,
       33.72604
      ],
      [
       135.9835763,
       33.726049
      ],
      [
       135.9835763,
       33.726058
      ],
      [
       135.9835763,
       33.7260671
      ],
      [
       135.9835763,
       33.7260761
      ],
      [
       135.9835763,
       33.7260851
      ],
      [
       135.9835763,
       33.7260941
      ],
      [
       135.9835763,
       33.7261031
      ],
      [
       135.9835763,
       33.7261121
      ],
      [
       135.9835763,
       33.7261212
      ],
      [
       135.9835763,
       33.7261302
      ],
      [
       135.9835763,
       33.7261392
      ],
      [
       135.9835763,
       33.7261482
      ],
      [
       135.9835817,
       33.7261527
      ],
      [
       135.9835871,
       33.7261572
      ],
      [
       135.9835871,
       33.7261662
      ],
      [
       135.9835871,
       33.7261753
      ],
      [
       135.9835925,
       33.7261798
      ],
      [
       135.9835979,
       33.7261843
      ],
      [
       135.9835979,
       33.7261933
      ],
      [
       135.9836033,
       33.7261978
      ],
      [
       135.9836087,
       33.7262023
      ],
      [
       135.9836087,
       33.7262113
      ],
      [
       135.9836087,
       33.7262203
      ],
      [
       135.9836087,
       33.7262294
      ],
      [
       135.9836086,
       33.7262384
      ],
      [
       135.9836086,
       33.7262474
      ],
      [
       135.9836086,
       33.7262564
      ],
      [
       135.9836086,
       33.7262654
      ],
      [
       135.9836086,
       33.7262744
      ],
      [
       135.9836086,
       33.7262835
      ],
      [
       135.9836086,
       33.7262925
      ],
      [
       135.9836086,
       33.7263015
      ],
      [
       135.9836086,
       33.7263105
      ],
      [
       135.983614,
       33.726315
      ],
      [
       135.9836194,
       33.7263195
      ],
      [
       135.9836194,
       33.7263285
      ],
      [
       135.9836194,
       33.726331
      ]
     ]
    ]
   }
  },
  {
   "type": "Feature",
   "properties": {
    "name": "north edge",
    "rule": "lane closing the first full block north of the school and the temple row (OSM 266991552, 121369902)"
   },
   "geometry": {
    "type": "LineString",
    "coordinates": [
     [
      135.983614,
      33.7263309
     ],
     [
      135.9840554,
      33.726331
     ],
     [
      135.9845218,
      33.726405
     ],
     [
      135.9850961,
      33.7263717
     ],
     [
      135.9850898,
      33.7263156
     ],
     [
      135.9853202,
      33.7263068
     ],
     [
      135.9860947,
      33.726277
     ]
    ]
   }
  },
  {
   "type": "Feature",
   "properties": {
    "name": "east edge",
    "rule": "street bounding the 千穂小学校 compound on the east, continued south (OSM 121367848, 1031510641, 121367953)"
   },
   "geometry": {
    "type": "LineString",
    "coordinates": [
     [
      135.9860947,
      33.726277
     ],
     [
      135.9860773,
      33.7259674
     ],
     [
      135.9860372,
      33.7257789
     ],
     [
      135.9859574,
      33.7256166
     ],
     [
      135.9855145,
      33.7249827
     ],
     [
      135.9855229,
      33.7244452
     ],
     [
      135.9855144,
      33.7243303
     ],
     [
      135.985603,
      33.7242517
     ],
     [
      135.9855688,
      33.7240578
     ],
     [
      135.9855186,
      33.7238281
     ]
    ]
   }
  },
  {
   "type": "Feature",
   "properties": {
    "name": "south edge",
    "rule": "street just south of the shrine-entrance cluster, carried west across the foot of the steps (OSM 121367975, 121370515, 499568826)"
   },
   "geometry": {
    "type": "LineString",
    "coordinates": [
     [
      135.9838411,
      33.7239636
     ],
     [
      135.9842304,
      33.7239637
     ],
     [
      135.984629,
      33.7239301
     ],
     [
      135.9846295,
      33.7239339
     ],
     [
      135.9850696,
      33.7238984
     ],
     [
      135.9855186,
      33.7238281
     ],
     [
      135.9855197,
      33.723828
     ]
    ]
   }
  },
  {
   "type": "Feature",
   "properties": {
    "name": "slope break",
    "rule": "edge of ground ≥1 m above the plain and steeper than 12° (or ≥3 m above it), connected to the slopes above 40 m; GSI DEM1A"
   },
   "geometry": {
    "type": "MultiLineString",
    "coordinates": [
     [
      [
       135.9836623,
       33.7279966
      ],
      [
       135.9836569,
       33.7279921
      ],
      [
       135.9836515,
       33.7279876
      ],
      [
       135.9836461,
       33.7279831
      ],
      [
       135.9836407,
       33.7279786
      ],
      [
       135.9836353,
       33.7279741
      ],
      [
       135.9836299,
       33.7279696
      ],
      [
       135.9836245,
       33.7279651
      ],
      [
       135.9836191,
       33.7279605
      ],
      [
       135.9836191,
       33.7279515
      ],
      [
       135.9836245,
       33.727947
      ],
      [
       135.9836299,
       33.7279425
      ],
      [
       135.9836299,
       33.7279335
      ],
      [
       135.9836353,
       33.727929
      ],
      [
       135.9836407,
       33.7279245
      ],
      [
       135.9836407,
       33.7279155
      ],
      [
       135.9836407,
       33.7279064
      ],
      [
       135.9836461,
       33.7279019
      ],
      [
       135.9836515,
       33.7278974
      ],
      [
       135.9836569,
       33.7278929
      ],
      [
       135.9836677,
       33.7278929
      ],
      [
       135.9836731,
       33.7278884
      ],
      [
       135.9836785,
       33.7278839
      ],
      [
       135.9836893,
       33.7278839
      ],
      [
       135.9836947,
       33.7278884
      ],
      [
       135.9837001,
       33.7278929
      ],
      [
       135.9837055,
       33.7278884
      ],
      [
       135.9837109,
       33.7278839
      ],
      [
       135.9837162,
       33.7278794
      ],
      [
       135.9837216,
       33.7278749
      ],
      [
       135.983727,
       33.7278704
      ],
      [
       135.9837216,
       33.7278659
      ],
      [
       135.9837163,
       33.7278614
      ],
      [
       135.9837109,
       33.7278569
      ],
      [
       135.9837055,
       33.7278524
      ],
      [
       135.9837001,
       33.7278478
      ],
      [
       135.9836947,
       33.7278524
      ],
      [
       135.9836893,
       33.7278569
      ],
      [
       135.9836839,
       33.7278524
      ],
      [
       135.9836785,
       33.7278478
      ],
      [
       135.9836731,
       33.7278433
      ],
      [
       135.9836731,
       33.7278343
      ],
      [
       135.9836677,
       33.7278298
      ],
      [
       135.9836623,
       33.7278253
      ],
      [
       135.9836623,
       33.7278163
      ],
      [
       135.9836623,
       33.7278073
      ],
      [
       135.9836677,
       33.7278028
      ],
      [
       135.9836785,
       33.7278028
      ],
      [
       135.9836839,
       33.7277983
      ],
      [
       135.9836893,
       33.7277937
      ],
      [
       135.9837001,
       33.7277937
      ],
      [
       135.9837055,
       33.7277892
      ],
      [
       135.9837109,
       33.7277847
      ],
      [
       135.9837163,
       33.7277802
      ],
      [
       135.9837217,
       33.7277757
      ],
      [
       135.9837271,
       33.7277712
      ],
      [
       135.9837271,
       33.7277622
      ],
      [
       135.9837271,
       33.7277532
      ],
      [
       135.9837271,
       33.7277442
      ],
      [
       135.9837217,
       33.7277397
      ],
      [
       135.9837163,
       33.7277351
      ],
      [
       135.9837109,
       33.7277306
      ],
      [
       135.9837055,
       33.7277261
      ],
      [
       135.9837001,
       33.7277216
      ],
      [
       135.9836893,
       33.7277216
      ],
      [
       135.9836785,
       33.7277216
      ],
      [
       135.9836677,
       33.7277216
      ],
      [
       135.9836623,
       33.7277171
      ],
      [
       135.9836569,
       33.7277126
      ],
      [
       135.9836461,
       33.7277126
      ],
      [
       135.9836407,
       33.7277081
      ],
      [
       135.9836407,
       33.7276991
      ],
      [
       135.9836461,
       33.7276946
      ],
      [
       135.9836515,
       33.7276901
      ],
      [
       135.9836515,
       33.727681
      ],
      [
       135.9836461,
       33.7276765
      ],
      [
       135.9836408,
       33.727672
      ],
      [
       135.9836408,
       33.727663
      ],
      [
       135.9836354,
       33.7276585
      ],
      [
       135.98363,
       33.727654
      ],
      [
       135.98363,
       33.727645
      ],
      [
       135.98363,
       33.7276359
      ],
      [
       135.9836246,
       33.7276314
      ],
      [
       135.9836192,
       33.7276269
      ],
      [
       135.9836138,
       33.7276224
      ],
      [
       135.9836084,
       33.7276179
      ],
      [
       135.983603,
       33.7276134
      ],
      [
       135.9835976,
       33.7276089
      ],
      [
       135.9835922,
       33.7276044
      ],
      [
       135.9835868,
       33.7275999
      ],
      [
       135.9835814,
       33.7275954
      ],
      [
       135.983576,
       33.7275909
      ],
      [
       135.9835706,
       33.7275864
      ],
      [
       135.9835652,
       33.7275818
      ],
      [
       135.9835652,
       33.7275728
      ],
      [
       135.9835706,
       33.7275683
      ],
      [
       135.983576,
       33.7275638
      ],
      [
       135.9835706,
       33.7275593
      ],
      [
       135.9835652,
       33.7275548
      ],
      [
       135.9835652,
       33.7275458
      ],
      [
       135.9835652,
       33.7275368
      ],
      [
       135.9835598,
       33.7275322
      ],
      [
       135.9835544,
       33.7275277
      ],
      [
       135.9835491,
       33.7275232
      ],
      [
       135.9835437,
       33.7275187
      ],
      [
       135.9835383,
       33.7275142
      ],
      [
       135.9835329,
       33.7275097
      ],
      [
       135.9835275,
       33.7275052
      ],
      [
       135.9835221,
       33.7275007
      ],
      [
       135.9835167,
       33.7274962
      ],
      [
       135.9835113,
       33.7274917
      ],
      [
       135.9835059,
       33.7274872
      ],
      [
       135.9834951,
       33.7274872
      ],
      [
       135.9834897,
       33.7274826
      ],
      [
       135.9834843,
       33.7274781
      ],
      [
       135.9834789,
       33.7274736
      ],
      [
       135.9834789,
       33.7274646
      ],
      [
       135.9834789,
       33.7274556
      ],
      [
       135.9834789,
       33.7274466
      ],
      [
       135.9834789,
       33.7274376
      ],
      [
       135.9834789,
       33.7274285
      ],
      [
       135.9834843,
       33.727424
      ],
      [
       135.9834897,
       33.7274195
      ],
      [
       135.9834843,
       33.727415
      ],
      [
       135.9834789,
       33.7274105
      ],
      [
       135.9834789,
       33.7274015
      ],
      [
       135.9834789,
       33.7273925
      ],
      [
       135.9834789,
       33.7273835
      ],
      [
       135.9834789,
       33.7273744
      ],
      [
       135.9834789,
       33.7273654
      ],
      [
       135.9834789,
       33.7273564
      ],
      [
       135.9834843,
       33.7273519
      ],
      [
       135.9834897,
       33.7273474
      ],
      [
       135.9834897,
       33.7273384
      ],
      [
       135.9834951,
       33.7273339
      ],
      [
       135.9835059,
       33.7273339
      ],
      [
       135.9835113,
       33.7273294
      ],
      [
       135.9835167,
       33.7273249
      ],
      [
       135.9835275,
       33.7273249
      ],
      [
       135.9835329,
       33.7273204
      ],
      [
       135.9835383,
       33.7273158
      ],
      [
       135.9835491,
       33.7273158
      ],
      [
       135.9835599,
       33.7273159
      ],
      [
       135.9835707,
       33.7273159
      ],
      [
       135.9835761,
       33.7273113
      ],
      [
       135.9835815,
       33.7273068
      ],
      [
       135.9835923,
       33.7273068
      ],
      [
       135.9835977,
       33.7273023
      ],
      [
       135.9836031,
       33.7272978
      ],
      [
       135.9836084,
       33.7272933
      ],
      [
       135.9836138,
       33.7272888
      ],
      [
       135.9836192,
       33.7272843
      ],
      [
       135.9836192,
       33.7272753
      ],
      [
       135.9836246,
       33.7272708
      ],
      [
       135.98363,
       33.7272663
      ],
      [
       135.98363,
       33.7272573
      ],
      [
       135.9836354,
       33.7272527
      ],
      [
       135.9836408,
       33.7272482
      ],
      [
       135.9836408,
       33.7272392
      ],
      [
       135.9836462,
       33.7272347
      ],
      [
       135.9836516,
       33.7272302
      ],
      [
       135.9836516,
       33.7272212
      ],
      [
       135.9836516,
       33.7272122
      ],
      [
       135.983657,
       33.7272077
      ],
      [
       135.9836624,
       33.7272032
      ],
      [
       135.9836624,
       33.7271941
      ],
      [
       135.9836678,
       33.7271896
      ],
      [
       135.9836732,
       33.7271851
      ],
      [
       135.9836786,
       33.7271806
      ],
      [
       135.983684,
       33.7271761
      ],
      [
       135.983684,
       33.7271671
      ],
      [
       135.983684,
       33.7271581
      ],
      [
       135.983684,
       33.7271491
      ],
      [
       135.9836894,
       33.7271446
      ],
      [
       135.9836948,
       33.72714
      ],
      [
       135.9837002,
       33.7271355
      ],
      [
       135.9837056,
       33.727131
      ],
      [
       135.983711,
       33.7271265
      ],
      [
       135.9837164,
       33.727122
      ],
      [
       135.9837218,
       33.7271175
      ],
      [
       135.9837272,
       33.727113
      ],
      [
       135.9837272,
       33.727104
      ],
      [
       135.9837272,
       33.727095
      ],
      [
       135.9837326,
       33.7270905
      ],
      [
       135.983738,
       33.727086
      ],
      [
       135.983738,
       33.7270769
      ],
      [
       135.983738,
       33.7270679
      ],
      [
       135.983738,
       33.7270589
      ],
      [
       135.9837434,
       33.7270544
      ],
      [
       135.9837488,
       33.7270499
      ],
      [
       135.9837488,
       33.7270409
      ],
      [
       135.9837542,
       33.7270364
      ],
      [
       135.9837596,
       33.7270319
      ],
      [
       135.9837596,
       33.7270228
      ],
      [
       135.9837596,
       33.7270138
      ],
      [
       135.983765,
       33.7270093
      ],
      [
       135.9837704,
       33.7270048
      ],
      [
       135.9837704,
       33.7269958
      ],
      [
       135.9837704,
       33.7269868
      ],
      [
       135.9837758,
       33.7269823
      ],
      [
       135.9837812,
       33.7269778
      ],
      [
       135.9837812,
       33.7269687
      ],
      [
       135.9837812,
       33.7269597
      ],
      [
       135.9837866,
       33.7269552
      ],
      [
       135.983792,
       33.7269507
      ],
      [
       135.983792,
       33.7269417
      ],
      [
       135.983792,
       33.7269327
      ],
      [
       135.983792,
       33.7269237
      ],
      [
       135.983792,
       33.7269146
      ],
      [
       135.983792,
       33.7269056
      ],
      [
       135.983792,
       33.7268966
      ],
      [
       135.9837974,
       33.7268921
      ],
      [
       135.9838028,
       33.7268966
      ],
      [
       135.9838082,
       33.7269011
      ],
      [
       135.9838136,
       33.7269056
      ],
      [
       135.9838189,
       33.7269101
      ],
      [
       135.9838243,
       33.7269056
      ],
      [
       135.9838297,
       33.7269011
      ],
      [
       135.9838351,
       33.7268966
      ],
      [
       135.9838405,
       33.7268921
      ],
      [
       135.9838459,
       33.7268876
      ],
      [
       135.9838513,
       33.7268831
      ],
      [
       135.9838567,
       33.7268786
      ],
      [
       135.9838567,
       33.7268696
      ],
      [
       135.9838621,
       33.7268651
      ],
      [
       135.9838675,
       33.7268606
      ],
      [
       135.9838675,
       33.7268515
      ],
      [
       135.9838729,
       33.726847
      ],
      [
       135.9838783,
       33.7268425
      ],
      [
       135.9838729,
       33.726838
      ],
      [
       135.9838675,
       33.7268335
      ],
      [
       135.9838621,
       33.726829
      ],
      [
       135.9838567,
       33.7268245
      ],
      [
       135.9838513,
       33.72682
      ],
      [
       135.9838459,
       33.7268245
      ],
      [
       135.9838405,
       33.726829
      ],
      [
       135.9838351,
       33.7268335
      ],
      [
       135.9838298,
       33.726838
      ],
      [
       135.9838244,
       33.7268425
      ],
      [
       135.983819,
       33.726847
      ],
      [
       135.9838136,
       33.7268425
      ],
      [
       135.9838136,
       33.7268335
      ],
      [
       135.9838136,
       33.7268245
      ],
      [
       135.9838136,
       33.7268155
      ],
      [
       135.9838136,
       33.7268064
      ],
      [
       135.983819,
       33.7268019
      ],
      [
       135.9838244,
       33.7267974
      ],
      [
       135.9838298,
       33.7267929
      ],
      [
       135.9838352,
       33.7267884
      ],
      [
       135.9838298,
       33.7267839
      ],
      [
       135.9838244,
       33.7267794
      ],
      [
       135.983819,
       33.7267749
      ],
      [
       135.9838136,
       33.7267704
      ],
      [
       135.9838082,
       33.7267659
      ],
      [
       135.9838028,
       33.7267614
      ],
      [
       135.9837974,
       33.7267569
      ],
      [
       135.9837866,
       33.7267569
      ],
      [
       135.9837812,
       33.7267523
      ],
      [
       135.9837758,
       33.7267478
      ],
      [
       135.983765,
       33.7267478
      ],
      [
       135.9837596,
       33.7267433
      ],
      [
       135.9837542,
       33.7267388
      ],
      [
       135.9837488,
       33.7267343
      ],
      [
       135.9837434,
       33.7267298
      ],
      [
       135.983738,
       33.7267253
      ],
      [
       135.9837381,
       33.7267163
      ],
      [
       135.9837434,
       33.7267118
      ],
      [
       135.9837488,
       33.7267073
      ],
      [
       135.9837488,
       33.7266982
      ],
      [
       135.9837488,
       33.7266892
      ],
      [
       135.9837542,
       33.7266847
      ],
      [
       135.9837596,
       33.7266802
      ],
      [
       135.9837596,
       33.7266712
      ],
      [
       135.9837596,
       33.7266622
      ],
      [
       135.9837596,
       33.7266532
      ],
      [
       135.983765,
       33.7266486
      ],
      [
       135.9837704,
       33.7266441
      ],
      [
       135.9837704,
       33.7266351
      ],
      [
       135.9837704,
       33.7266261
      ],
      [
       135.9837758,
       33.7266216
      ],
      [
       135.9837812,
       33.7266171
      ],
      [
       135.9837812,
       33.7266081
      ],
      [
       135.9837866,
       33.7266036
      ],
      [
       135.983792,
       33.7265991
      ],
      [
       135.9837974,
       33.7265946
      ],
      [
       135.9838028,
       33.72659
      ],
      [
       135.9838082,
       33.7265855
      ],
      [
       135.9838136,
       33.726581
      ],
      [
       135.983819,
       33.7265765
      ],
      [
       135.9838244,
       33.726572
      ],
      [
       135.9838298,
       33.7265675
      ],
      [
       135.9838352,
       33.726563
      ],
      [
       135.9838352,
       33.726554
      ],
      [
       135.9838352,
       33.726545
      ],
      [
       135.9838406,
       33.7265405
      ],
      [
       135.983846,
       33.726536
      ],
      [
       135.983846,
       33.7265269
      ],
      [
       135.9838514,
       33.7265224
      ],
      [
       135.9838568,
       33.7265179
      ],
      [
       135.9838568,
       33.7265089
      ],
      [
       135.9838622,
       33.7265044
      ],
      [
       135.9838676,
       33.7264999
      ],
      [
       135.9838676,
       33.7264909
      ],
      [
       135.983873,
       33.7264864
      ],
      [
       135.9838784,
       33.7264819
      ],
      [
       135.9838784,
       33.7264728
      ],
      [
       135.9838784,
       33.7264638
      ],
      [
       135.9838784,
       33.7264548
      ],
      [
       135.9838784,
       33.7264458
      ],
      [
       135.9838838,
       33.7264413
      ],
      [
       135.9838892,
       33.7264368
      ],
      [
       135.9838892,
       33.7264278
      ],
      [
       135.9838892,
       33.7264187
      ],
      [
       135.9838946,
       33.7264142
      ],
      [
       135.9839,
       33.7264097
      ],
      [
       135.9839,
       33.7264007
      ],
      [
       135.9839054,
       33.7263962
      ],
      [
       135.9839108,
       33.7263917
      ],
      [
       135.9839162,
       33.7263872
      ],
      [
       135.9839216,
       33.7263827
      ],
      [
       135.9839216,
       33.7263737
      ],
      [
       135.9839216,
       33.7263646
      ],
      [
       135.983927,
       33.7263601
      ],
      [
       135.9839324,
       33.7263556
      ],
      [
       135.9839324,
       33.7263466
      ],
      [
       135.9839324,
       33.7263376
      ],
      [
       135.983927,
       33.7263331
      ],
      [
       135.9839216,
       33.7263286
      ],
      [
       135.9839216,
       33.7263196
      ],
      [
       135.9839162,
       33.7263151
      ],
      [
       135.9839108,
       33.7263105
      ],
      [
       135.9839054,
       33.726306
      ],
      [
       135.9839,
       33.7263015
      ],
      [
       135.9839,
       33.7262925
      ],
      [
       135.9838946,
       33.726288
      ],
      [
       135.9838892,
       33.7262835
      ],
      [
       135.9838838,
       33.726279
      ],
      [
       135.9838784,
       33.7262745
      ],
      [
       135.9838784,
       33.7262655
      ],
      [
       135.983873,
       33.7262609
      ],
      [
       135.9838676,
       33.7262564
      ],
      [
       135.983873,
       33.7262519
      ],
      [
       135.9838784,
       33.7262474
      ],
      [
       135.9838838,
       33.7262429
      ],
      [
       135.9838892,
       33.7262384
      ],
      [
       135.9838946,
       33.7262339
      ],
      [
       135.9839,
       33.7262294
      ],
      [
       135.9839,
       33.7262204
      ],
      [
       135.9839,
       33.7262114
      ],
      [
       135.9838946,
       33.7262069
      ],
      [
       135.9838892,
       33.7262023
      ],
      [
       135.9838946,
       33.7261978
      ],
      [
       135.9839,
       33.7261933
      ],
      [
       135.9839,
       33.7261843
      ],
      [
       135.9839,
       33.7261753
      ],
      [
       135.9839054,
       33.7261708
      ],
      [
       135.9839162,
       33.7261708
      ],
      [
       135.9839216,
       33.7261663
      ],
      [
       135.983927,
       33.7261618
      ],
      [
       135.9839324,
       33.7261573
      ],
      [
       135.9839378,
       33.7261528
      ],
      [
       135.9839432,
       33.7261482
      ],
      [
       135.9839378,
       33.7261437
      ],
      [
       135.9839324,
       33.7261392
      ],
      [
       135.9839324,
       33.7261302
      ],
      [
       135.983927,
       33.7261257
      ],
      [
       135.9839216,
       33.7261212
      ],
      [
       135.9839162,
       33.7261167
      ],
      [
       135.9839108,
       33.7261122
      ],
      [
       135.9839054,
       33.7261077
      ],
      [
       135.9838946,
       33.7261077
      ],
      [
       135.9838838,
       33.7261077
      ],
      [
       135.9838784,
       33.7261032
      ],
      [
       135.9838731,
       33.7260986
      ],
      [
       135.9838623,
       33.7260986
      ],
      [
       135.9838515,
       33.7260986
      ],
      [
       135.9838407,
       33.7260986
      ],
      [
       135.9838353,
       33.7260941
      ],
      [
       135.9838353,
       33.7260851
      ],
      [
       135.9838353,
       33.7260761
      ],
      [
       135.9838407,
       33.7260716
      ],
      [
       135.9838461,
       33.7260671
      ],
      [
       135.9838515,
       33.7260626
      ],
      [
       135.9838623,
       33.7260626
      ],
      [
       135.9838677,
       33.7260581
      ],
      [
       135.9838731,
       33.7260536
      ],
      [
       135.9838785,
       33.7260491
      ],
      [
       135.9838839,
       33.7260446
      ],
      [
       135.9838892,
       33.72604
      ],
      [
       135.9838946,
       33.7260355
      ],
      [
       135.9839,
       33.726031
      ],
      [
       135.9839054,
       33.7260265
      ],
      [
       135.9839108,
       33.726022
      ],
      [
       135.9839108,
       33.726013
      ],
      [
       135.9839054,
       33.7260085
      ],
      [
       135.9839,
       33.726004
      ],
      [
       135.9839,
       33.725995
      ],
      [
       135.9839054,
       33.7259905
      ],
      [
       135.9839108,
       33.7259859
      ],
      [
       135.9839162,
       33.7259814
      ],
      [
       135.9839216,
       33.7259769
      ],
      [
       135.9839216,
       33.7259679
      ],
      [
       135.9839216,
       33.7259589
      ],
      [
       135.9839216,
       33.7259499
      ],
      [
       135.9839216,
       33.7259409
      ],
      [
       135.9839162,
       33.7259364
      ],
      [
       135.9839109,
       33.7259318
      ],
      [
       135.9839109,
       33.7259228
      ],
      [
       135.9839109,
       33.7259138
      ],
      [
       135.9839109,
       33.7259048
      ],
      [
       135.9839163,
       33.7259003
      ],
      [
       135.9839216,
       33.7258958
      ],
      [
       135.983927,
       33.7258913
      ],
      [
       135.9839324,
       33.7258868
      ],
      [
       135.9839324,
       33.7258777
      ],
      [
       135.9839378,
       33.7258732
      ],
      [
       135.9839432,
       33.7258687
      ],
      [
       135.9839432,
       33.7258597
      ],
      [
       135.9839432,
       33.7258507
      ],
      [
       135.9839378,
       33.7258462
      ],
      [
       135.9839325,
       33.7258417
      ],
      [
       135.9839325,
       33.7258327
      ],
      [
       135.9839271,
       33.7258282
      ],
      [
       135.9839217,
       33.7258236
      ],
      [
       135.9839217,
       33.7258146
      ],
      [
       135.9839217,
       33.7258056
      ],
      [
       135.9839163,
       33.7258011
      ],
      [
       135.9839109,
       33.7257966
      ],
      [
       135.9839109,
       33.7257876
      ],
      [
       135.9839109,
       33.7257786
      ],
      [
       135.9839055,
       33.7257741
      ],
      [
       135.9839001,
       33.7257695
      ],
      [
       135.9839001,
       33.7257605
      ],
      [
       135.9838947,
       33.725756
      ],
      [
       135.9838893,
       33.7257515
      ],
      [
       135.9838893,
       33.7257425
      ],
      [
       135.9838893,
       33.7257335
      ],
      [
       135.9838893,
       33.7257245
      ],
      [
       135.9838893,
       33.7257154
      ],
      [
       135.9838893,
       33.7257064
      ],
      [
       135.9838893,
       33.7256974
      ],
      [
       135.9838893,
       33.7256884
      ],
      [
       135.9838839,
       33.7256839
      ],
      [
       135.9838785,
       33.7256794
      ],
      [
       135.9838785,
       33.7256704
      ],
      [
       135.9838785,
       33.7256613
      ],
      [
       135.9838839,
       33.7256568
      ],
      [
       135.9838893,
       33.7256523
      ],
      [
       135.9838893,
       33.7256433
      ],
      [
       135.9838893,
       33.7256343
      ],
      [
       135.9838893,
       33.7256253
      ],
      [
       135.9838947,
       33.7256208
      ],
      [
       135.9839001,
       33.7256163
      ],
      [
       135.9839001,
       33.7256072
      ],
      [
       135.9839001,
       33.7255982
      ],
      [
       135.9839001,
       33.7255892
      ],
      [
       135.9839001,
       33.7255802
      ],
      [
       135.9838947,
       33.7255757
      ],
      [
       135.9838893,
       33.7255712
      ],
      [
       135.9838893,
       33.7255622
      ],
      [
       135.9838947,
       33.7255577
      ],
      [
       135.9839001,
       33.7255531
      ],
      [
       135.9839055,
       33.7255486
      ],
      [
       135.9839109,
       33.7255441
      ],
      [
       135.9839163,
       33.7255396
      ],
      [
       135.9839217,
       33.7255351
      ],
      [
       135.9839271,
       33.7255306
      ],
      [
       135.9839325,
       33.7255261
      ],
      [
       135.9839325,
       33.7255171
      ],
      [
       135.9839325,
       33.7255081
      ],
      [
       135.9839325,
       33.7254991
      ],
      [
       135.9839271,
       33.7254945
      ],
      [
       135.9839217,
       33.72549
      ],
      [
       135.9839217,
       33.725481
      ],
      [
       135.9839163,
       33.7254765
      ],
      [
       135.9839109,
       33.725472
      ],
      [
       135.9839109,
       33.725463
      ],
      [
       135.9839109,
       33.725454
      ],
      [
       135.9839109,
       33.7254449
      ],
      [
       135.9839109,
       33.7254359
      ],
      [
       135.9839109,
       33.7254269
      ],
      [
       135.9839109,
       33.7254179
      ],
      [
       135.9839109,
       33.7254089
      ],
      [
       135.983911,
       33.7253999
      ],
      [
       135.9839056,
       33.7253954
      ],
      [
       135.9839002,
       33.7253908
      ],
      [
       135.9838948,
       33.7253863
      ],
      [
       135.9838894,
       33.7253818
      ],
      [
       135.983884,
       33.7253773
      ],
      [
       135.9838786,
       33.7253818
      ],
      [
       135.9838732,
       33.7253863
      ],
      [
       135.9838678,
       33.7253908
      ],
      [
       135.9838624,
       33.7253954
      ],
      [
       135.983857,
       33.7253999
      ],
      [
       135.9838516,
       33.7254044
      ],
      [
       135.9838408,
       33.7254044
      ],
      [
       135.98383,
       33.7254044
      ],
      [
       135.9838246,
       33.7253999
      ],
      [
       135.98383,
       33.7253953
      ],
      [
       135.9838354,
       33.7253908
      ],
      [
       135.9838354,
       33.7253818
      ],
      [
       135.9838354,
       33.7253728
      ],
      [
       135.9838354,
       33.7253638
      ],
      [
       135.9838354,
       33.7253548
      ],
      [
       135.9838354,
       33.7253458
      ],
      [
       135.9838354,
       33.7253367
      ],
      [
       135.9838354,
       33.7253277
      ],
      [
       135.9838354,
       33.7253187
      ],
      [
       135.9838354,
       33.7253097
      ],
      [
       135.9838408,
       33.7253052
      ],
      [
       135.9838462,
       33.7253007
      ],
      [
       135.9838516,
       33.7252962
      ],
      [
       135.983857,
       33.7252917
      ],
      [
       135.9838624,
       33.7252872
      ],
      [
       135.9838678,
       33.7252826
      ],
      [
       135.9838678,
       33.7252736
      ],
      [
       135.9838732,
       33.7252691
      ],
      [
       135.9838786,
       33.7252646
      ],
      [
       135.9838786,
       33.7252556
      ],
      [
       135.9838786,
       33.7252466
      ],
      [
       135.9838786,
       33.7252376
      ],
      [
       135.9838786,
       33.7252285
      ],
      [
       135.9838786,
       33.7252195
      ],
      [
       135.9838786,
       33.7252105
      ],
      [
       135.9838786,
       33.7252015
      ],
      [
       135.9838732,
       33.725197
      ],
      [
       135.9838678,
       33.7251925
      ],
      [
       135.9838678,
       33.7251835
      ],
      [
       135.9838678,
       33.7251744
      ],
      [
       135.9838732,
       33.7251699
      ],
      [
       135.9838786,
       33.7251654
      ],
      [
       135.9838786,
       33.7251564
      ],
      [
       135.9838786,
       33.7251474
      ],
      [
       135.9838786,
       33.7251384
      ],
      [
       135.9838786,
       33.7251294
      ],
      [
       135.9838786,
       33.7251203
      ],
      [
       135.9838786,
       33.7251113
      ],
      [
       135.9838786,
       33.7251023
      ],
      [
       135.9838786,
       33.7250933
      ],
      [
       135.9838786,
       33.7250843
      ],
      [
       135.9838786,
       33.7250753
      ],
      [
       135.9838732,
       33.7250708
      ],
      [
       135.9838679,
       33.7250662
      ],
      [
       135.9838679,
       33.7250572
      ],
      [
       135.9838625,
       33.7250527
      ],
      [
       135.9838571,
       33.7250482
      ],
      [
       135.9838571,
       33.7250392
      ],
      [
       135.9838571,
       33.7250302
      ],
      [
       135.9838571,
       33.7250212
      ],
      [
       135.9838571,
       33.7250121
      ],
      [
       135.9838571,
       33.7250031
      ],
      [
       135.9838571,
       33.7249941
      ],
      [
       135.9838571,
       33.7249851
      ],
      [
       135.9838571,
       33.7249761
      ],
      [
       135.9838571,
       33.7249671
      ],
      [
       135.9838625,
       33.7249626
      ],
      [
       135.9838679,
       33.724958
      ],
      [
       135.9838679,
       33.724949
      ],
      [
       135.9838733,
       33.7249445
      ],
      [
       135.9838787,
       33.72494
      ],
      [
       135.9838787,
       33.724931
      ],
      [
       135.9838787,
       33.724922
      ],
      [
       135.9838733,
       33.7249175
      ],
      [
       135.9838679,
       33.724913
      ],
      [
       135.9838679,
       33.7249039
      ],
      [
       135.9838679,
       33.7248949
      ],
      [
       135.9838625,
       33.7248904
      ],
      [
       135.9838571,
       33.7248859
      ],
      [
       135.9838571,
       33.7248769
      ],
      [
       135.9838571,
       33.7248679
      ],
      [
       135.9838571,
       33.7248589
      ],
      [
       135.9838517,
       33.7248544
      ],
      [
       135.9838463,
       33.7248498
      ],
      [
       135.9838463,
       33.7248408
      ],
      [
       135.9838463,
       33.7248318
      ],
      [
       135.9838517,
       33.7248273
      ],
      [
       135.9838571,
       33.7248228
      ],
      [
       135.9838571,
       33.7248138
      ],
      [
       135.9838571,
       33.7248048
      ],
      [
       135.9838571,
       33.7247957
      ],
      [
       135.9838571,
       33.7247867
      ],
      [
       135.9838625,
       33.7247822
      ],
      [
       135.9838679,
       33.7247777
      ],
      [
       135.9838733,
       33.7247732
      ],
      [
       135.9838787,
       33.7247687
      ],
      [
       135.9838787,
       33.7247597
      ],
      [
       135.9838841,
       33.7247552
      ],
      [
       135.9838895,
       33.7247507
      ],
      [
       135.9838895,
       33.7247416
      ],
      [
       135.9838895,
       33.7247326
      ],
      [
       135.9838895,
       33.7247236
      ],
      [
       135.9838895,
       33.7247146
      ],
      [
       135.9838895,
       33.7247056
      ],
      [
       135.9838895,
       33.7246966
      ],
      [
       135.9838895,
       33.7246876
      ],
      [
       135.9838895,
       33.7246785
      ],
      [
       135.9838949,
       33.724674
      ],
      [
       135.9839003,
       33.7246695
      ],
      [
       135.9839057,
       33.724665
      ],
      [
       135.9839111,
       33.7246605
      ],
      [
       135.9839111,
       33.7246515
      ],
      [
       135.9839165,
       33.724647
      ],
      [
       135.9839219,
       33.7246425
      ],
      [
       135.9839165,
       33.724638
      ],
      [
       135.9839111,
       33.7246335
      ],
      [
       135.9839111,
       33.7246244
      ],
      [
       135.9839111,
       33.7246154
      ],
      [
       135.9839165,
       33.7246109
      ],
      [
       135.9839219,
       33.7246064
      ],
      [
       135.9839219,
       33.7245974
      ],
      [
       135.9839273,
       33.7245929
      ],
      [
       135.9839327,
       33.7245884
      ],
      [
       135.9839381,
       33.7245839
      ],
      [
       135.9839435,
       33.7245794
      ],
      [
       135.9839435,
       33.7245703
      ],
      [
       135.9839381,
       33.7245658
      ],
      [
       135.9839327,
       33.7245613
      ],
      [
       135.9839327,
       33.7245523
      ],
      [
       135.9839327,
       33.7245433
      ],
      [
       135.9839381,
       33.7245388
      ],
      [
       135.9839435,
       33.7245343
      ],
      [
       135.9839381,
       33.7245298
      ],
      [
       135.9839327,
       33.7245253
      ],
      [
       135.9839273,
       33.7245207
      ],
      [
       135.9839219,
       33.7245162
      ],
      [
       135.9839219,
       33.7245072
      ],
      [
       135.9839219,
       33.7244982
      ],
      [
       135.9839219,
       33.7244892
      ],
      [
       135.9839219,
       33.7244802
      ],
      [
       135.9839273,
       33.7244757
      ],
      [
       135.9839327,
       33.7244712
      ],
      [
       135.9839327,
       33.7244621
      ],
      [
       135.9839327,
       33.7244531
      ],
      [
       135.9839381,
       33.7244486
      ],
      [
       135.9839435,
       33.7244441
      ],
      [
       135.9839489,
       33.7244396
      ],
      [
       135.9839543,
       33.7244351
      ],
      [
       135.9839597,
       33.7244306
      ],
      [
       135.9839651,
       33.7244261
      ],
      [
       135.9839597,
       33.7244216
      ],
      [
       135.9839543,
       33.7244171
      ],
      [
       135.9839543,
       33.724408
      ],
      [
       135.9839597,
       33.7244035
      ],
      [
       135.9839651,
       33.724399
      ],
      [
       135.9839597,
       33.7243945
      ],
      [
       135.9839543,
       33.72439
      ],
      [
       135.9839489,
       33.7243855
      ],
      [
       135.9839435,
       33.724381
      ],
      [
       135.9839435,
       33.724372
      ],
      [
       135.9839435,
       33.724363
      ],
      [
       135.9839489,
       33.7243585
      ],
      [
       135.9839597,
       33.7243585
      ],
      [
       135.9839651,
       33.7243539
      ],
      [
       135.9839705,
       33.7243494
      ],
      [
       135.9839759,
       33.7243449
      ],
      [
       135.9839813,
       33.7243404
      ],
      [
       135.9839867,
       33.7243359
      ],
      [
       135.9839921,
       33.7243314
      ],
      [
       135.9839975,
       33.7243269
      ],
      [
       135.9840029,
       33.7243224
      ],
      [
       135.9840083,
       33.7243179
      ],
      [
       135.9840137,
       33.7243134
      ],
      [
       135.9840245,
       33.7243134
      ],
      [
       135.9840299,
       33.7243089
      ],
      [
       135.9840352,
       33.7243044
      ],
      [
       135.9840406,
       33.7242999
      ],
      [
       135.984046,
       33.7242953
      ],
      [
       135.9840514,
       33.7242908
      ],
      [
       135.9840514,
       33.7242818
      ],
      [
       135.9840568,
       33.7242773
      ],
      [
       135.9840622,
       33.7242728
      ],
      [
       135.9840676,
       33.7242683
      ],
      [
       135.984073,
       33.7242638
      ],
      [
       135.984073,
       33.7242548
      ],
      [
       135.984073,
       33.7242458
      ],
      [
       135.984073,
       33.7242367
      ],
      [
       135.9840784,
       33.7242322
      ],
      [
       135.9840838,
       33.7242277
      ],
      [
       135.9840838,
       33.7242187
      ],
      [
       135.9840838,
       33.7242097
      ],
      [
       135.9840838,
       33.7242007
      ],
      [
       135.9840838,
       33.7241917
      ],
      [
       135.9840784,
       33.7241872
      ],
      [
       135.984073,
       33.7241826
      ],
      [
       135.984073,
       33.7241736
      ],
      [
       135.984073,
       33.7241646
      ],
      [
       135.984073,
       33.7241556
      ],
      [
       135.9840676,
       33.7241511
      ],
      [
       135.9840623,
       33.7241466
      ],
      [
       135.9840623,
       33.7241376
      ],
      [
       135.9840623,
       33.7241285
      ],
      [
       135.9840623,
       33.7241195
      ],
      [
       135.9840623,
       33.7241105
      ],
      [
       135.9840623,
       33.7241015
      ],
      [
       135.9840623,
       33.7240925
      ],
      [
       135.9840677,
       33.724088
      ],
      [
       135.9840731,
       33.7240835
      ],
      [
       135.9840785,
       33.724079
      ],
      [
       135.9840838,
       33.7240744
      ],
      [
       135.9840838,
       33.7240654
      ],
      [
       135.9840892,
       33.7240609
      ],
      [
       135.9840946,
       33.7240564
      ],
      [
       135.9841,
       33.7240519
      ],
      [
       135.9841054,
       33.7240474
      ],
      [
       135.9841054,
       33.7240384
      ],
      [
       135.9841054,
       33.7240294
      ],
      [
       135.9841054,
       33.7240203
      ],
      [
       135.9841054,
       33.7240113
      ],
      [
       135.9841054,
       33.7240023
      ],
      [
       135.9841054,
       33.7239933
      ],
      [
       135.9841054,
       33.7239843
      ],
      [
       135.9841054,
       33.7239753
      ],
      [
       135.9841054,
       33.7239662
      ],
      [
       135.9841055,
       33.7239572
      ],
      [
       135.9841055,
       33.7239482
      ],
      [
       135.9841108,
       33.7239437
      ],
      [
       135.9841162,
       33.7239392
      ],
      [
       135.9841162,
       33.7239302
      ],
      [
       135.9841162,
       33.7239212
      ],
      [
       135.9841162,
       33.7239122
      ],
      [
       135.9841163,
       33.7239031
      ],
      [
       135.9841163,
       33.7238941
      ],
      [
       135.9841163,
       33.7238851
      ],
      [
       135.9841163,
       33.7238761
      ],
      [
       135.9841163,
       33.7238671
      ],
      [
       135.9841163,
       33.7238581
      ],
      [
       135.9841109,
       33.7238535
      ],
      [
       135.9841055,
       33.723849
      ],
      [
       135.9841055,
       33.72384
      ],
      [
       135.9841055,
       33.723831
      ],
      [
       135.9841055,
       33.723822
      ],
      [
       135.9841109,
       33.7238175
      ],
      [
       135.9841163,
       33.723813
      ],
      [
       135.9841163,
       33.723804
      ],
      [
       135.9841163,
       33.7237949
      ],
      [
       135.9841217,
       33.7237904
      ],
      [
       135.9841271,
       33.7237859
      ],
      [
       135.9841325,
       33.7237814
      ],
      [
       135.9841379,
       33.7237859
      ],
      [
       135.9841432,
       33.7237904
      ],
      [
       135.9841486,
       33.7237859
      ],
      [
       135.984154,
       33.7237814
      ],
      [
       135.9841594,
       33.7237769
      ],
      [
       135.9841648,
       33.7237724
      ],
      [
       135.9841702,
       33.7237679
      ],
      [
       135.9841648,
       33.7237634
      ],
      [
       135.9841594,
       33.7237589
      ],
      [
       135.9841594,
       33.7237499
      ],
      [
       135.984154,
       33.7237453
      ],
      [
       135.9841487,
       33.7237408
      ],
      [
       135.9841433,
       33.7237363
      ],
      [
       135.9841379,
       33.7237318
      ],
      [
       135.9841325,
       33.7237273
      ],
      [
       135.9841217,
       33.7237273
      ],
      [
       135.9841163,
       33.7237318
      ],
      [
       135.9841109,
       33.7237363
      ],
      [
       135.9841001,
       33.7237363
      ],
      [
       135.9840947,
       33.7237318
      ],
      [
       135.9840893,
       33.7237273
      ],
      [
       135.9840839,
       33.7237228
      ],
      [
       135.9840785,
       33.7237183
      ],
      [
       135.9840677,
       33.7237183
      ],
      [
       135.9840623,
       33.7237138
      ],
      [
       135.9840569,
       33.7237093
      ],
      [
       135.9840461,
       33.7237093
      ],
      [
       135.9840408,
       33.7237048
      ],
      [
       135.9840354,
       33.7237002
      ],
      [
       135.9840246,
       33.7237002
      ],
      [
       135.9840192,
       33.7236957
      ],
      [
       135.9840192,
       33.7236867
      ],
      [
       135.9840138,
       33.7236822
      ],
      [
       135.9840084,
       33.7236777
      ],
      [
       135.9840084,
       33.7236687
      ],
      [
       135.9840084,
       33.7236597
      ],
      [
       135.9840084,
       33.7236507
      ],
      [
       135.9840138,
       33.7236461
      ],
      [
       135.9840192,
       33.7236416
      ],
      [
       135.9840192,
       33.7236326
      ],
      [
       135.9840246,
       33.7236281
      ],
      [
       135.98403,
       33.7236236
      ],
      [
       135.98403,
       33.7236146
      ],
      [
       135.98403,
       33.7236056
      ],
      [
       135.9840354,
       33.7236011
      ],
      [
       135.9840408,
       33.7235966
      ],
      [
       135.9840408,
       33.7235875
      ],
      [
       135.9840408,
       33.7235785
      ],
      [
       135.9840408,
       33.7235695
      ],
      [
       135.9840408,
       33.7235605
      ],
      [
       135.9840408,
       33.7235515
      ],
      [
       135.9840462,
       33.723547
      ],
      [
       135.9840516,
       33.7235425
      ],
      [
       135.9840516,
       33.7235334
      ],
      [
       135.9840516,
       33.7235244
      ],
      [
       135.984057,
       33.7235199
      ],
      [
       135.9840624,
       33.7235154
      ],
      [
       135.9840624,
       33.7235064
      ],
      [
       135.984057,
       33.7235019
      ],
      [
       135.9840516,
       33.7234974
      ],
      [
       135.9840462,
       33.7234929
      ],
      [
       135.9840408,
       33.7234884
      ],
      [
       135.9840354,
       33.7234839
      ],
      [
       135.9840246,
       33.7234838
      ],
      [
       135.9840192,
       33.7234793
      ],
      [
       135.9840138,
       33.7234748
      ],
      [
       135.9840084,
       33.7234703
      ],
      [
       135.9840084,
       33.7234613
      ],
      [
       135.9840084,
       33.7234523
      ],
      [
       135.984003,
       33.7234478
      ],
      [
       135.9839976,
       33.7234433
      ],
      [
       135.9839976,
       33.7234343
      ],
      [
       135.9839922,
       33.7234297
      ],
      [
       135.9839869,
       33.7234252
      ],
      [
       135.9839815,
       33.7234207
      ],
      [
       135.9839761,
       33.7234162
      ],
      [
       135.9839761,
       33.7234072
      ],
      [
       135.9839761,
       33.7233982
      ],
      [
       135.9839761,
       33.7233892
      ],
      [
       135.9839707,
       33.7233847
      ],
      [
       135.9839653,
       33.7233802
      ],
      [
       135.9839653,
       33.7233711
      ],
      [
       135.9839653,
       33.7233621
      ],
      [
       135.9839599,
       33.7233576
      ],
      [
       135.9839545,
       33.7233531
      ],
      [
       135.9839491,
       33.7233486
      ],
      [
       135.9839437,
       33.7233441
      ],
      [
       135.9839383,
       33.7233396
      ],
      [
       135.9839275,
       33.7233396
      ],
      [
       135.9839167,
       33.7233396
      ],
      [
       135.9839059,
       33.7233396
      ],
      [
       135.9838951,
       33.7233396
      ],
      [
       135.9838844,
       33.7233396
      ],
      [
       135.983879,
       33.7233441
      ],
      [
       135.9838736,
       33.7233486
      ],
      [
       135.9838682,
       33.7233531
      ],
      [
       135.9838628,
       33.7233576
      ],
      [
       135.983852,
       33.7233576
      ],
      [
       135.9838466,
       33.7233531
      ],
      [
       135.9838466,
       33.7233441
      ],
      [
       135.9838466,
       33.7233351
      ],
      [
       135.9838466,
       33.723326
      ],
      [
       135.9838466,
       33.723317
      ],
      [
       135.9838466,
       33.723308
      ],
      [
       135.9838466,
       33.723299
      ],
      [
       135.9838412,
       33.7232945
      ],
      [
       135.9838358,
       33.72329
      ],
      [
       135.9838358,
       33.723281
      ],
      [
       135.9838358,
       33.7232719
      ],
      [
       135.9838358,
       33.7232629
      ],
      [
       135.9838358,
       33.7232539
      ],
      [
       135.9838304,
       33.7232494
      ],
      [
       135.983825,
       33.7232449
      ],
      [
       135.983825,
       33.7232359
      ],
      [
       135.9838304,
       33.7232314
      ],
      [
       135.9838358,
       33.7232269
      ],
      [
       135.9838358,
       33.7232178
      ],
      [
       135.9838358,
       33.7232088
      ],
      [
       135.9838358,
       33.7231998
      ],
      [
       135.9838358,
       33.7231908
      ],
      [
       135.9838304,
       33.7231863
      ],
      [
       135.983825,
       33.7231818
      ],
      [
       135.983825,
       33.7231727
      ],
      [
       135.9838196,
       33.7231682
      ],
      [
       135.9838143,
       33.7231637
      ],
      [
       135.9838143,
       33.7231547
      ],
      [
       135.9838143,
       33.7231457
      ],
      [
       135.9838089,
       33.7231412
      ],
      [
       135.9838035,
       33.7231367
      ],
      [
       135.9838035,
       33.7231277
      ],
      [
       135.9837981,
       33.7231232
      ],
      [
       135.9837927,
       33.7231186
      ],
      [
       135.9837927,
       33.7231096
      ],
      [
       135.9837873,
       33.7231051
      ],
      [
       135.9837819,
       33.7231006
      ],
      [
       135.9837819,
       33.7230916
      ],
      [
       135.9837765,
       33.7230871
      ],
      [
       135.9837711,
       33.7230826
      ],
      [
       135.9837711,
       33.7230736
      ],
      [
       135.9837711,
       33.7230645
      ],
      [
       135.9837657,
       33.72306
      ],
      [
       135.9837603,
       33.7230555
      ],
      [
       135.9837603,
       33.7230465
      ],
      [
       135.9837549,
       33.723042
      ],
      [
       135.9837495,
       33.7230375
      ],
      [
       135.9837495,
       33.7230285
      ],
      [
       135.9837441,
       33.723024
      ],
      [
       135.9837387,
       33.7230195
      ],
      [
       135.9837334,
       33.7230149
      ],
      [
       135.983728,
       33.7230104
      ],
      [
       135.9837226,
       33.7230059
      ],
      [
       135.9837172,
       33.7230014
      ],
      [
       135.9837118,
       33.7229969
      ],
      [
       135.983701,
       33.7229969
      ],
      [
       135.9836956,
       33.7229924
      ],
      [
       135.9836902,
       33.7229879
      ],
      [
       135.9836794,
       33.7229879
      ],
      [
       135.983674,
       33.7229834
      ],
      [
       135.9836686,
       33.7229789
      ],
      [
       135.9836632,
       33.7229744
      ],
      [
       135.9836578,
       33.7229699
      ],
      [
       135.9836524,
       33.7229653
      ],
      [
       135.9836524,
       33.7229563
      ],
      [
       135.9836524,
       33.7229473
      ],
      [
       135.983647,
       33.7229428
      ],
      [
       135.9836416,
       33.7229383
      ],
      [
       135.9836417,
       33.7229293
      ],
      [
       135.9836417,
       33.7229203
      ],
      [
       135.9836417,
       33.7229112
      ],
      [
       135.9836417,
       33.7229022
      ],
      [
       135.9836417,
       33.7228932
      ],
      [
       135.9836417,
       33.7228842
      ],
      [
       135.9836363,
       33.7228797
      ],
      [
       135.9836309,
       33.7228752
      ],
      [
       135.9836255,
       33.7228707
      ],
      [
       135.9836201,
       33.7228662
      ],
      [
       135.9836147,
       33.7228616
      ],
      [
       135.9836093,
       33.7228571
      ],
      [
       135.9836093,
       33.7228481
      ],
      [
       135.9836039,
       33.7228436
      ],
      [
       135.9835985,
       33.7228391
      ],
      [
       135.9835985,
       33.7228301
      ],
      [
       135.9835985,
       33.7228211
      ],
      [
       135.9835985,
       33.7228121
      ],
      [
       135.9835931,
       33.7228075
      ],
      [
       135.9835877,
       33.722803
      ],
      [
       135.9835823,
       33.7227985
      ],
      [
       135.9835769,
       33.722794
      ],
      [
       135.9835715,
       33.7227895
      ],
      [
       135.9835661,
       33.722785
      ],
      [
       135.9835661,
       33.722776
      ],
      [
       135.9835608,
       33.7227715
      ],
      [
       135.9835554,
       33.722767
      ],
      [
       135.98355,
       33.7227625
      ],
      [
       135.9835446,
       33.7227579
      ],
      [
       135.9835446,
       33.7227489
      ],
      [
       135.9835446,
       33.7227399
      ],
      [
       135.9835446,
       33.7227309
      ],
      [
       135.9835446,
       33.7227219
      ],
      [
       135.98355,
       33.7227174
      ],
      [
       135.9835554,
       33.7227129
      ],
      [
       135.9835554,
       33.7227038
      ],
      [
       135.9835608,
       33.7226993
      ],
      [
       135.9835662,
       33.7226948
      ],
      [
       135.9835662,
       33.7226858
      ],
      [
       135.9835662,
       33.7226768
      ],
      [
       135.9835662,
       33.7226678
      ],
      [
       135.9835662,
       33.7226588
      ],
      [
       135.9835716,
       33.7226543
      ],
      [
       135.983577,
       33.7226498
      ],
      [
       135.983577,
       33.7226407
      ],
      [
       135.9835824,
       33.7226362
      ],
      [
       135.9835878,
       33.7226317
      ],
      [
       135.9835932,
       33.7226272
      ],
      [
       135.9836039,
       33.7226272
      ],
      [
       135.9836147,
       33.7226272
      ],
      [
       135.9836201,
       33.7226227
      ],
      [
       135.9836255,
       33.7226182
      ],
      [
       135.9836309,
       33.7226137
      ],
      [
       135.9836363,
       33.7226092
      ],
      [
       135.9836417,
       33.7226047
      ],
      [
       135.9836417,
       33.7225957
      ],
      [
       135.9836417,
       33.7225866
      ],
      [
       135.9836417,
       33.7225776
      ],
      [
       135.9836363,
       33.7225731
      ],
      [
       135.9836309,
       33.7225686
      ],
      [
       135.9836309,
       33.7225596
      ],
      [
       135.9836309,
       33.7225506
      ],
      [
       135.9836309,
       33.7225416
      ],
      [
       135.9836309,
       33.7225325
      ],
      [
       135.9836309,
       33.7225235
      ],
      [
       135.9836309,
       33.7225145
      ],
      [
       135.9836309,
       33.7225055
      ],
      [
       135.9836309,
       33.7224965
      ],
      [
       135.9836309,
       33.7224875
      ],
      [
       135.9836255,
       33.722483
      ],
      [
       135.9836202,
       33.7224784
      ],
      [
       135.9836202,
       33.7224694
      ],
      [
       135.9836202,
       33.7224604
      ],
      [
       135.9836202,
       33.7224514
      ],
      [
       135.9836148,
       33.7224469
      ],
      [
       135.9836094,
       33.7224424
      ],
      [
       135.9836094,
       33.7224334
      ],
      [
       135.983604,
       33.7224288
      ],
      [
       135.9835986,
       33.7224243
      ],
      [
       135.9835986,
       33.7224153
      ],
      [
       135.9835932,
       33.7224108
      ],
      [
       135.9835878,
       33.7224063
      ],
      [
       135.9835824,
       33.7224018
      ],
      [
       135.983577,
       33.7223973
      ],
      [
       135.9835716,
       33.7223928
      ],
      [
       135.9835662,
       33.7223883
      ],
      [
       135.9835608,
       33.7223838
      ],
      [
       135.9835554,
       33.7223793
      ],
      [
       135.98355,
       33.7223747
      ],
      [
       135.9835446,
       33.7223702
      ],
      [
       135.9835446,
       33.7223612
      ],
      [
       135.9835446,
       33.7223522
      ],
      [
       135.9835446,
       33.7223432
      ],
      [
       135.9835446,
       33.7223342
      ],
      [
       135.9835393,
       33.7223297
      ],
      [
       135.9835339,
       33.7223251
      ],
      [
       135.9835339,
       33.7223161
      ],
      [
       135.9835339,
       33.7223071
      ],
      [
       135.9835339,
       33.7222981
      ],
      [
       135.9835339,
       33.7222891
      ],
      [
       135.9835285,
       33.7222846
      ],
      [
       135.9835231,
       33.7222801
      ],
      [
       135.9835231,
       33.722271
      ],
      [
       135.9835231,
       33.722262
      ],
      [
       135.9835177,
       33.7222575
      ],
      [
       135.9835123,
       33.722253
      ],
      [
       135.9835123,
       33.722244
      ],
      [
       135.9835123,
       33.722235
      ],
      [
       135.9835069,
       33.7222305
      ],
      [
       135.9835015,
       33.722226
      ],
      [
       135.9835015,
       33.7222169
      ],
      [
       135.9834961,
       33.7222124
      ],
      [
       135.9834907,
       33.7222079
      ],
      [
       135.9834853,
       33.7222034
      ],
      [
       135.9834799,
       33.7221989
      ],
      [
       135.9834799,
       33.7221899
      ],
      [
       135.9834745,
       33.7221854
      ],
      [
       135.9834691,
       33.7221809
      ],
      [
       135.9834638,
       33.7221764
      ],
      [
       135.9834584,
       33.7221719
      ],
      [
       135.9834584,
       33.7221628
      ],
      [
       135.983453,
       33.7221583
      ],
      [
       135.9834476,
       33.7221538
      ],
      [
       135.9834476,
       33.7221448
      ],
      [
       135.9834422,
       33.7221403
      ],
      [
       135.9834368,
       33.7221358
      ],
      [
       135.9834368,
       33.7221268
      ],
      [
       135.9834368,
       33.7221178
      ],
      [
       135.9834368,
       33.7221087
      ],
      [
       135.9834368,
       33.7220997
      ],
      [
       135.9834368,
       33.7220907
      ],
      [
       135.9834368,
       33.7220817
      ],
      [
       135.9834368,
       33.7220727
      ],
      [
       135.9834314,
       33.7220682
      ],
      [
       135.983426,
       33.7220637
      ],
      [
       135.983426,
       33.7220546
      ],
      [
       135.9834206,
       33.7220501
      ],
      [
       135.9834152,
       33.7220456
      ],
      [
       135.9834098,
       33.7220411
      ],
      [
       135.9834044,
       33.7220366
      ],
      [
       135.9834044,
       33.7220276
      ],
      [
       135.983399,
       33.7220231
      ],
      [
       135.9833936,
       33.7220186
      ],
      [
       135.9833883,
       33.7220141
      ],
      [
       135.9833829,
       33.7220095
      ],
      [
       135.9833829,
       33.7220005
      ],
      [
       135.9833775,
       33.721996
      ],
      [
       135.9833721,
       33.7219915
      ],
      [
       135.9833667,
       33.721987
      ],
      [
       135.9833613,
       33.7219825
      ],
      [
       135.9833613,
       33.7219735
      ],
      [
       135.9833559,
       33.721969
      ],
      [
       135.9833505,
       33.7219645
      ],
      [
       135.9833451,
       33.72196
      ],
      [
       135.9833397,
       33.7219554
      ],
      [
       135.9833343,
       33.7219509
      ],
      [
       135.9833289,
       33.7219464
      ],
      [
       135.9833235,
       33.7219419
      ],
      [
       135.9833181,
       33.7219374
      ],
      [
       135.9833127,
       33.7219329
      ],
      [
       135.9833073,
       33.7219284
      ],
      [
       135.9833019,
       33.7219239
      ],
      [
       135.9832966,
       33.7219194
      ],
      [
       135.9832912,
       33.7219149
      ],
      [
       135.9832858,
       33.7219104
      ],
      [
       135.9832804,
       33.7219058
      ],
      [
       135.983275,
       33.7219013
      ],
      [
       135.9832696,
       33.7218968
      ],
      [
       135.9832642,
       33.7218923
      ],
      [
       135.9832588,
       33.7218878
      ],
      [
       135.9832534,
       33.7218833
      ],
      [
       135.983248,
       33.7218788
      ],
      [
       135.9832426,
       33.7218743
      ],
      [
       135.9832426,
       33.7218653
      ],
      [
       135.9832372,
       33.7218608
      ],
      [
       135.9832318,
       33.7218562
      ],
      [
       135.9832264,
       33.7218517
      ],
      [
       135.983221,
       33.7218472
      ],
      [
       135.9832156,
       33.7218427
      ],
      [
       135.9832102,
       33.7218382
      ],
      [
       135.9832048,
       33.7218337
      ],
      [
       135.9831995,
       33.7218292
      ],
      [
       135.9831995,
       33.7218202
      ],
      [
       135.9831941,
       33.7218157
      ],
      [
       135.9831887,
       33.7218112
      ],
      [
       135.9831887,
       33.7218021
      ],
      [
       135.9831833,
       33.7217976
      ],
      [
       135.9831779,
       33.7217931
      ],
      [
       135.9831779,
       33.7217841
      ],
      [
       135.9831779,
       33.7217751
      ],
      [
       135.9831779,
       33.7217661
      ],
      [
       135.9831725,
       33.7217616
      ],
      [
       135.9831671,
       33.7217571
      ],
      [
       135.9831617,
       33.7217525
      ],
      [
       135.9831563,
       33.721748
      ],
      [
       135.9831509,
       33.7217435
      ],
      [
       135.9831455,
       33.721748
      ],
      [
       135.9831401,
       33.7217525
      ],
      [
       135.9831347,
       33.721748
      ],
      [
       135.9831293,
       33.7217435
      ],
      [
       135.9831239,
       33.721739
      ],
      [
       135.9831185,
       33.7217345
      ],
      [
       135.9831132,
       33.72173
      ],
      [
       135.9831078,
       33.7217255
      ],
      [
       135.9831024,
       33.721721
      ],
      [
       135.983097,
       33.7217165
      ],
      [
       135.9830916,
       33.721712
      ],
      [
       135.9830882,
       33.7217091
      ]
     ],
     [
      [
       135.9888687,
       33.7257746
      ],
      [
       135.9888585,
       33.7257746
      ],
      [
       135.9888531,
       33.7257701
      ],
      [
       135.9888477,
       33.7257656
      ],
      [
       135.9888369,
       33.7257656
      ],
      [
       135.9888261,
       33.7257656
      ],
      [
       135.9888153,
       33.7257656
      ],
      [
       135.9888045,
       33.7257656
      ],
      [
       135.9887991,
       33.7257701
      ],
      [
       135.9887937,
       33.7257746
      ],
      [
       135.9887883,
       33.7257791
      ],
      [
       135.9887829,
       33.7257836
      ],
      [
       135.9887775,
       33.7257881
      ],
      [
       135.9887775,
       33.7257971
      ],
      [
       135.9887775,
       33.7258062
      ],
      [
       135.9887775,
       33.7258152
      ],
      [
       135.9887829,
       33.7258197
      ],
      [
       135.9887883,
       33.7258242
      ],
      [
       135.9887883,
       33.7258332
      ],
      [
       135.9887937,
       33.7258377
      ],
      [
       135.9887991,
       33.7258422
      ],
      [
       135.9888045,
       33.7258467
      ],
      [
       135.9888099,
       33.7258512
      ],
      [
       135.9888153,
       33.7258557
      ],
      [
       135.9888207,
       33.7258603
      ],
      [
       135.9888207,
       33.7258693
      ],
      [
       135.9888207,
       33.7258783
      ],
      [
       135.9888261,
       33.7258828
      ],
      [
       135.9888315,
       33.7258873
      ],
      [
       135.9888315,
       33.7258963
      ],
      [
       135.9888369,
       33.7259008
      ],
      [
       135.9888423,
       33.7259053
      ],
      [
       135.9888423,
       33.7259144
      ],
      [
       135.9888477,
       33.7259189
      ],
      [
       135.9888531,
       33.7259234
      ],
      [
       135.9888531,
       33.7259324
      ],
      [
       135.9888585,
       33.7259369
      ],
      [
       135.9888638,
       33.7259414
      ],
      [
       135.9888692,
       33.7259459
      ],
      [
       135.9888746,
       33.7259504
      ],
      [
       135.9888746,
       33.7259594
      ],
      [
       135.98888,
       33.725964
      ],
      [
       135.9888854,
       33.7259685
      ],
      [
       135.9888854,
       33.7259775
      ],
      [
       135.9888854,
       33.7259865
      ],
      [
       135.9888872,
       33.7259879
      ]
     ],
     [
      [
       135.9888971,
       33.7261931
      ],
      [
       135.9888962,
       33.7261939
      ],
      [
       135.9888962,
       33.7262029
      ],
      [
       135.9888908,
       33.7262074
      ],
      [
       135.9888854,
       33.7262119
      ],
      [
       135.98888,
       33.7262164
      ],
      [
       135.9888746,
       33.7262209
      ],
      [
       135.9888692,
       33.7262254
      ],
      [
       135.9888638,
       33.7262299
      ],
      [
       135.9888584,
       33.7262344
      ],
      [
       135.988853,
       33.726239
      ],
      [
       135.9888476,
       33.7262435
      ],
      [
       135.9888368,
       33.7262435
      ],
      [
       135.988826,
       33.7262435
      ],
      [
       135.9888152,
       33.7262435
      ],
      [
       135.9888099,
       33.726239
      ],
      [
       135.9888045,
       33.7262344
      ],
      [
       135.9887991,
       33.7262299
      ],
      [
       135.9887991,
       33.7262209
      ],
      [
       135.9887991,
       33.7262119
      ],
      [
       135.9887991,
       33.7262029
      ],
      [
       135.9887991,
       33.7261939
      ],
      [
       135.9887937,
       33.7261894
      ],
      [
       135.9887883,
       33.7261849
      ],
      [
       135.9887829,
       33.7261803
      ],
      [
       135.9887775,
       33.7261758
      ],
      [
       135.9887721,
       33.7261713
      ],
      [
       135.9887667,
       33.7261668
      ],
      [
       135.9887667,
       33.7261578
      ],
      [
       135.9887667,
       33.7261488
      ],
      [
       135.9887613,
       33.7261443
      ],
      [
       135.9887559,
       33.7261398
      ],
      [
       135.9887505,
       33.7261353
      ],
      [
       135.9887451,
       33.7261307
      ],
      [
       135.9887397,
       33.7261262
      ],
      [
       135.9887343,
       33.7261217
      ],
      [
       135.9887289,
       33.7261172
      ],
      [
       135.9887235,
       33.7261127
      ],
      [
       135.9887181,
       33.7261082
      ],
      [
       135.9887128,
       33.7261037
      ],
      [
       135.9887074,
       33.7260992
      ],
      [
       135.9886966,
       33.7260992
      ],
      [
       135.9886858,
       33.7260992
      ],
      [
       135.9886804,
       33.7260947
      ],
      [
       135.988675,
       33.7260902
      ],
      [
       135.9886642,
       33.7260902
      ],
      [
       135.9886534,
       33.7260902
      ],
      [
       135.988648,
       33.7260857
      ],
      [
       135.9886426,
       33.7260811
      ],
      [
       135.9886318,
       33.7260811
      ],
      [
       135.988621,
       33.7260811
      ],
      [
       135.9886102,
       33.7260811
      ],
      [
       135.9885995,
       33.7260811
      ],
      [
       135.9885941,
       33.7260766
      ],
      [
       135.9885887,
       33.7260721
      ],
      [
       135.9885779,
       33.7260721
      ],
      [
       135.9885725,
       33.7260766
      ],
      [
       135.9885671,
       33.7260811
      ],
      [
       135.9885617,
       33.7260856
      ],
      [
       135.9885563,
       33.7260902
      ],
      [
       135.9885509,
       33.7260947
      ],
      [
       135.9885509,
       33.7261037
      ],
      [
       135.9885509,
       33.7261127
      ],
      [
       135.9885455,
       33.7261172
      ],
      [
       135.9885401,
       33.7261217
      ],
      [
       135.9885401,
       33.7261307
      ],
      [
       135.9885401,
       33.7261397
      ],
      [
       135.9885401,
       33.7261488
      ],
      [
       135.9885401,
       33.7261578
      ],
      [
       135.9885401,
       33.7261668
      ],
      [
       135.9885401,
       33.7261758
      ],
      [
       135.9885401,
       33.7261848
      ],
      [
       135.9885401,
       33.7261938
      ],
      [
       135.9885455,
       33.7261984
      ],
      [
       135.9885509,
       33.7262029
      ],
      [
       135.9885563,
       33.7262074
      ],
      [
       135.9885617,
       33.7262119
      ],
      [
       135.9885617,
       33.7262209
      ],
      [
       135.9885617,
       33.7262299
      ],
      [
       135.9885671,
       33.7262344
      ],
      [
       135.9885725,
       33.7262389
      ],
      [
       135.9885725,
       33.7262479
      ],
      [
       135.9885725,
       33.726257
      ],
      [
       135.9885725,
       33.726266
      ],
      [
       135.9885778,
       33.7262705
      ],
      [
       135.9885832,
       33.726275
      ],
      [
       135.9885832,
       33.726284
      ],
      [
       135.9885886,
       33.7262885
      ],
      [
       135.988594,
       33.726293
      ],
      [
       135.988594,
       33.726302
      ],
      [
       135.9885994,
       33.7263066
      ],
      [
       135.9886048,
       33.7263111
      ],
      [
       135.9886102,
       33.7263156
      ],
      [
       135.9886156,
       33.7263201
      ],
      [
       135.988621,
       33.7263246
      ],
      [
       135.9886318,
       33.7263246
      ],
      [
       135.9886372,
       33.7263291
      ],
      [
       135.9886426,
       33.7263336
      ],
      [
       135.988648,
       33.7263381
      ],
      [
       135.9886426,
       33.7263426
      ],
      [
       135.9886318,
       33.7263426
      ],
      [
       135.9886264,
       33.7263471
      ],
      [
       135.988621,
       33.7263516
      ],
      [
       135.9886156,
       33.7263562
      ],
      [
       135.9886102,
       33.7263607
      ],
      [
       135.9886048,
       33.7263652
      ],
      [
       135.9885994,
       33.7263697
      ],
      [
       135.988594,
       33.7263742
      ],
      [
       135.9885886,
       33.7263787
      ],
      [
       135.9885832,
       33.7263832
      ],
      [
       135.9885778,
       33.7263877
      ],
      [
       135.9885724,
       33.7263922
      ],
      [
       135.9885724,
       33.7264012
      ],
      [
       135.988567,
       33.7264057
      ],
      [
       135.9885616,
       33.7264102
      ],
      [
       135.9885562,
       33.7264148
      ],
      [
       135.9885508,
       33.7264193
      ],
      [
       135.9885508,
       33.7264283
      ],
      [
       135.9885455,
       33.7264328
      ],
      [
       135.9885401,
       33.7264373
      ],
      [
       135.9885347,
       33.7264418
      ],
      [
       135.9885293,
       33.7264463
      ],
      [
       135.9885239,
       33.7264508
      ],
      [
       135.9885185,
       33.7264553
      ],
      [
       135.9885131,
       33.7264598
      ],
      [
       135.9885077,
       33.7264643
      ],
      [
       135.9885077,
       33.7264734
      ],
      [
       135.9885023,
       33.7264779
      ],
      [
       135.9884969,
       33.7264824
      ],
      [
       135.9884915,
       33.7264869
      ],
      [
       135.9884807,
       33.7264869
      ],
      [
       135.9884753,
       33.7264914
      ],
      [
       135.9884699,
       33.7264959
      ],
      [
       135.9884645,
       33.7265004
      ],
      [
       135.9884591,
       33.7265049
      ],
      [
       135.9884537,
       33.7265094
      ],
      [
       135.9884537,
       33.7265184
      ],
      [
       135.9884537,
       33.7265275
      ],
      [
       135.9884483,
       33.726532
      ],
      [
       135.9884375,
       33.726532
      ],
      [
       135.9884321,
       33.7265274
      ],
      [
       135.9884267,
       33.7265229
      ],
      [
       135.9884213,
       33.7265274
      ],
      [
       135.9884159,
       33.726532
      ],
      [
       135.9884106,
       33.7265365
      ],
      [
       135.9884052,
       33.726541
      ],
      [
       135.9883998,
       33.7265455
      ],
      [
       135.9883998,
       33.7265545
      ],
      [
       135.9883998,
       33.7265635
      ],
      [
       135.9883998,
       33.7265725
      ],
      [
       135.9883944,
       33.726577
      ],
      [
       135.988389,
       33.7265815
      ],
      [
       135.988389,
       33.7265906
      ],
      [
       135.9883836,
       33.7265951
      ],
      [
       135.9883782,
       33.7265996
      ],
      [
       135.9883728,
       33.7266041
      ],
      [
       135.988362,
       33.7266041
      ],
      [
       135.9883512,
       33.7266041
      ],
      [
       135.9883458,
       33.7266086
      ],
      [
       135.9883404,
       33.7266131
      ],
      [
       135.9883296,
       33.7266131
      ],
      [
       135.9883188,
       33.7266131
      ],
      [
       135.988308,
       33.7266131
      ],
      [
       135.9882972,
       33.7266131
      ],
      [
       135.9882918,
       33.7266176
      ],
      [
       135.9882864,
       33.7266221
      ],
      [
       135.9882757,
       33.7266221
      ],
      [
       135.9882703,
       33.7266266
      ],
      [
       135.9882649,
       33.7266311
      ],
      [
       135.9882595,
       33.7266356
      ],
      [
       135.9882541,
       33.7266401
      ],
      [
       135.9882487,
       33.7266446
      ],
      [
       135.9882541,
       33.7266492
      ],
      [
       135.9882595,
       33.7266537
      ],
      [
       135.9882595,
       33.7266627
      ],
      [
       135.9882541,
       33.7266672
      ],
      [
       135.9882487,
       33.7266717
      ],
      [
       135.9882541,
       33.7266762
      ],
      [
       135.9882595,
       33.7266807
      ],
      [
       135.9882649,
       33.7266852
      ],
      [
       135.9882702,
       33.7266897
      ],
      [
       135.9882756,
       33.7266942
      ],
      [
       135.9882864,
       33.7266942
      ],
      [
       135.9882972,
       33.7266942
      ],
      [
       135.988308,
       33.7266942
      ],
      [
       135.9883188,
       33.7266942
      ],
      [
       135.9883242,
       33.7266988
      ],
      [
       135.9883296,
       33.7267033
      ],
      [
       135.988335,
       33.7267078
      ],
      [
       135.9883296,
       33.7267123
      ],
      [
       135.9883242,
       33.7267168
      ],
      [
       135.9883242,
       33.7267258
      ],
      [
       135.9883188,
       33.7267303
      ],
      [
       135.9883134,
       33.7267348
      ],
      [
       135.9883134,
       33.7267438
      ],
      [
       135.988308,
       33.7267483
      ],
      [
       135.9883026,
       33.7267529
      ],
      [
       135.9883026,
       33.7267619
      ],
      [
       135.9882972,
       33.7267664
      ],
      [
       135.9882918,
       33.7267709
      ],
      [
       135.9882918,
       33.7267799
      ],
      [
       135.9882864,
       33.7267844
      ],
      [
       135.988281,
       33.7267889
      ],
      [
       135.988281,
       33.7267979
      ],
      [
       135.9882756,
       33.7268024
      ],
      [
       135.9882702,
       33.7268069
      ],
      [
       135.9882648,
       33.7268115
      ],
      [
       135.9882594,
       33.726816
      ],
      [
       135.988254,
       33.7268205
      ],
      [
       135.9882433,
       33.7268205
      ],
      [
       135.9882379,
       33.726825
      ],
      [
       135.9882325,
       33.7268295
      ],
      [
       135.9882271,
       33.726834
      ],
      [
       135.9882217,
       33.7268385
      ],
      [
       135.9882109,
       33.7268385
      ],
      [
       135.9882055,
       33.726843
      ],
      [
       135.9882001,
       33.7268475
      ],
      [
       135.9881947,
       33.726852
      ],
      [
       135.9881893,
       33.7268565
      ],
      [
       135.9881839,
       33.726861
      ],
      [
       135.9881785,
       33.7268655
      ],
      [
       135.9881677,
       33.7268655
      ],
      [
       135.9881623,
       33.7268701
      ],
      [
       135.9881569,
       33.7268746
      ],
      [
       135.9881461,
       33.7268746
      ],
      [
       135.9881407,
       33.7268791
      ],
      [
       135.9881353,
       33.7268836
      ],
      [
       135.9881299,
       33.7268881
      ],
      [
       135.9881245,
       33.7268926
      ],
      [
       135.9881191,
       33.7268971
      ],
      [
       135.9881138,
       33.7269016
      ],
      [
       135.9881084,
       33.7269061
      ],
      [
       135.988103,
       33.7269106
      ],
      [
       135.9880922,
       33.7269106
      ],
      [
       135.9880868,
       33.7269151
      ],
      [
       135.9880814,
       33.7269196
      ],
      [
       135.988076,
       33.7269241
      ],
      [
       135.9880706,
       33.7269287
      ],
      [
       135.9880652,
       33.7269332
      ],
      [
       135.9880598,
       33.7269377
      ],
      [
       135.9880544,
       33.7269422
      ],
      [
       135.988049,
       33.7269467
      ],
      [
       135.9880382,
       33.7269467
      ],
      [
       135.9880328,
       33.7269512
      ],
      [
       135.9880274,
       33.7269557
      ],
      [
       135.9880166,
       33.7269557
      ],
      [
       135.9880058,
       33.7269557
      ],
      [
       135.9880004,
       33.7269602
      ],
      [
       135.987995,
       33.7269647
      ],
      [
       135.9879896,
       33.7269692
      ],
      [
       135.9879843,
       33.7269737
      ],
      [
       135.9879789,
       33.7269782
      ],
      [
       135.9879735,
       33.7269827
      ],
      [
       135.9879681,
       33.7269873
      ],
      [
       135.9879681,
       33.7269963
      ],
      [
       135.9879627,
       33.7270008
      ],
      [
       135.9879573,
       33.7270053
      ],
      [
       135.9879519,
       33.7270098
      ],
      [
       135.9879465,
       33.7270143
      ],
      [
       135.9879465,
       33.7270233
      ],
      [
       135.9879411,
       33.7270278
      ],
      [
       135.9879357,
       33.7270323
      ],
      [
       135.9879357,
       33.7270413
      ],
      [
       135.9879303,
       33.7270459
      ],
      [
       135.9879249,
       33.7270504
      ],
      [
       135.9879249,
       33.7270594
      ],
      [
       135.9879195,
       33.7270639
      ],
      [
       135.9879141,
       33.7270684
      ],
      [
       135.9879141,
       33.7270774
      ],
      [
       135.9879141,
       33.7270864
      ],
      [
       135.9879087,
       33.7270909
      ],
      [
       135.9879033,
       33.7270954
      ],
      [
       135.9879033,
       33.7271045
      ],
      [
       135.9879033,
       33.7271135
      ],
      [
       135.9878979,
       33.727118
      ],
      [
       135.9878925,
       33.7271225
      ],
      [
       135.9878871,
       33.727127
      ],
      [
       135.9878817,
       33.7271315
      ],
      [
       135.9878817,
       33.7271405
      ],
      [
       135.9878817,
       33.7271495
      ],
      [
       135.9878763,
       33.7271541
      ],
      [
       135.9878709,
       33.7271586
      ],
      [
       135.9878709,
       33.7271676
      ],
      [
       135.9878709,
       33.7271766
      ],
      [
       135.9878709,
       33.7271856
      ],
      [
       135.9878709,
       33.7271946
      ],
      [
       135.9878709,
       33.7272036
      ],
      [
       135.9878709,
       33.7272127
      ],
      [
       135.9878709,
       33.7272217
      ],
      [
       135.9878709,
       33.7272307
      ],
      [
       135.9878709,
       33.7272397
      ],
      [
       135.9878709,
       33.7272487
      ],
      [
       135.9878709,
       33.7272577
      ],
      [
       135.9878709,
       33.7272668
      ],
      [
       135.9878709,
       33.7272758
      ],
      [
       135.9878709,
       33.7272848
      ],
      [
       135.9878709,
       33.7272938
      ],
      [
       135.9878709,
       33.7273028
      ],
      [
       135.9878763,
       33.7273073
      ],
      [
       135.9878817,
       33.7273118
      ],
      [
       135.9878871,
       33.7273164
      ],
      [
       135.9878925,
       33.7273209
      ],
      [
       135.9878979,
       33.7273254
      ],
      [
       135.9879087,
       33.7273254
      ],
      [
       135.9879141,
       33.7273299
      ],
      [
       135.9879195,
       33.7273344
      ],
      [
       135.9879248,
       33.7273389
      ],
      [
       135.9879302,
       33.7273434
      ],
      [
       135.9879356,
       33.7273479
      ],
      [
       135.987941,
       33.7273524
      ],
      [
       135.9879464,
       33.7273569
      ],
      [
       135.9879518,
       33.7273614
      ],
      [
       135.9879626,
       33.7273614
      ],
      [
       135.987968,
       33.7273659
      ],
      [
       135.9879734,
       33.7273705
      ],
      [
       135.9879842,
       33.7273705
      ],
      [
       135.9879896,
       33.727375
      ],
      [
       135.987995,
       33.7273795
      ],
      [
       135.9880058,
       33.7273795
      ],
      [
       135.9880112,
       33.727384
      ],
      [
       135.9880112,
       33.727393
      ],
      [
       135.9880112,
       33.727402
      ],
      [
       135.9880058,
       33.7274065
      ],
      [
       135.9880004,
       33.727411
      ],
      [
       135.9880004,
       33.7274201
      ],
      [
       135.9880004,
       33.7274291
      ],
      [
       135.9880004,
       33.7274381
      ],
      [
       135.987995,
       33.7274426
      ],
      [
       135.9879896,
       33.7274471
      ],
      [
       135.9879896,
       33.7274561
      ],
      [
       135.9879896,
       33.7274651
      ],
      [
       135.9879896,
       33.7274742
      ],
      [
       135.9879896,
       33.7274832
      ],
      [
       135.9879842,
       33.7274877
      ],
      [
       135.9879788,
       33.7274922
      ],
      [
       135.9879788,
       33.7275012
      ],
      [
       135.9879734,
       33.7275057
      ],
      [
       135.987968,
       33.7275102
      ],
      [
       135.987968,
       33.7275192
      ],
      [
       135.9879626,
       33.7275237
      ],
      [
       135.9879572,
       33.7275282
      ],
      [
       135.9879572,
       33.7275373
      ],
      [
       135.9879626,
       33.7275418
      ],
      [
       135.987968,
       33.7275463
      ],
      [
       135.987968,
       33.7275553
      ],
      [
       135.987968,
       33.7275643
      ],
      [
       135.987968,
       33.7275733
      ],
      [
       135.987968,
       33.7275823
      ],
      [
       135.987968,
       33.7275914
      ],
      [
       135.987968,
       33.7276004
      ],
      [
       135.9879734,
       33.7276049
      ],
      [
       135.9879788,
       33.7276094
      ],
      [
       135.9879788,
       33.7276184
      ],
      [
       135.9879788,
       33.7276274
      ],
      [
       135.9879842,
       33.7276319
      ],
      [
       135.9879896,
       33.7276365
      ],
      [
       135.9879896,
       33.7276455
      ],
      [
       135.9879949,
       33.72765
      ],
      [
       135.9880003,
       33.7276545
      ],
      [
       135.9880003,
       33.7276635
      ],
      [
       135.9880003,
       33.7276725
      ],
      [
       135.9879949,
       33.727677
      ],
      [
       135.9879895,
       33.7276815
      ],
      [
       135.9879895,
       33.7276905
      ],
      [
       135.9879895,
       33.7276996
      ],
      [
       135.9879895,
       33.7277086
      ],
      [
       135.9879895,
       33.7277176
      ],
      [
       135.9879949,
       33.7277221
      ],
      [
       135.9880003,
       33.7277266
      ],
      [
       135.9880057,
       33.7277311
      ],
      [
       135.9880111,
       33.7277356
      ],
      [
       135.9880165,
       33.7277401
      ],
      [
       135.9880219,
       33.7277447
      ],
      [
       135.9880219,
       33.7277537
      ],
      [
       135.9880273,
       33.7277582
      ],
      [
       135.9880327,
       33.7277627
      ],
      [
       135.9880327,
       33.7277717
      ],
      [
       135.9880327,
       33.7277807
      ],
      [
       135.9880327,
       33.7277897
      ],
      [
       135.9880381,
       33.7277942
      ],
      [
       135.9880435,
       33.7277988
      ],
      [
       135.9880435,
       33.7278078
      ],
      [
       135.9880489,
       33.7278123
      ],
      [
       135.9880543,
       33.7278168
      ],
      [
       135.9880597,
       33.7278213
      ],
      [
       135.9880651,
       33.7278258
      ],
      [
       135.9880705,
       33.7278303
      ],
      [
       135.9880759,
       33.7278348
      ],
      [
       135.9880812,
       33.7278393
      ],
      [
       135.9880866,
       33.7278438
      ],
      [
       135.9880866,
       33.7278529
      ],
      [
       135.988092,
       33.7278574
      ],
      [
       135.9880974,
       33.7278619
      ],
      [
       135.9880974,
       33.7278709
      ],
      [
       135.9880974,
       33.7278799
      ],
      [
       135.9880974,
       33.7278889
      ],
      [
       135.9881028,
       33.7278934
      ],
      [
       135.9881082,
       33.7278979
      ],
      [
       135.9881131,
       33.727902
      ]
     ]
    ]
   }
  },
  {
   "type": "Feature",
   "properties": {
    "name": "mountain foot (consensus)",
    "rule": "per-profile median of four definitions (mask edge, plain + 1 m, greatest concavity, two-segment hinge) on cross-profiles every 2 m; GSI DEM1A"
   },
   "geometry": {
    "type": "LineString",
    "coordinates": [
     [
      135.9836306,
      33.7278636
     ],
     [
      135.9836201,
      33.7278563
     ],
     [
      135.9836094,
      33.7278475
     ],
     [
      135.9835982,
      33.7278368
     ],
     [
      135.9835864,
      33.7278249
     ],
     [
      135.9835744,
      33.7278116
     ],
     [
      135.9835625,
      33.7277973
     ],
     [
      135.983553,
      33.7277814
     ],
     [
      135.9835474,
      33.7277641
     ],
     [
      135.9835438,
      33.7277458
     ],
     [
      135.9835408,
      33.7277267
     ],
     [
      135.9835387,
      33.7277075
     ],
     [
      135.9835373,
      33.7276876
     ],
     [
      135.9835337,
      33.7276683
     ],
     [
      135.9835274,
      33.7276493
     ],
     [
      135.9835189,
      33.7276295
     ],
     [
      135.9835082,
      33.7276089
     ],
     [
      135.9834941,
      33.7275871
     ],
     [
      135.9834787,
      33.7275662
     ],
     [
      135.983463,
      33.7275454
     ],
     [
      135.9834472,
      33.727524
     ],
     [
      135.9834325,
      33.7275022
     ],
     [
      135.983427,
      33.7274817
     ],
     [
      135.9834217,
      33.7274611
     ],
     [
      135.9834202,
      33.7274399
     ],
     [
      135.9834246,
      33.7274189
     ],
     [
      135.9834354,
      33.727399
     ],
     [
      135.9834504,
      33.7273807
     ],
     [
      135.9834693,
      33.7273619
     ],
     [
      135.9834894,
      33.7273429
     ],
     [
      135.9835091,
      33.7273242
     ],
     [
      135.9835288,
      33.7273045
     ],
     [
      135.9835479,
      33.7272852
     ],
     [
      135.9835578,
      33.7272649
     ],
     [
      135.9835699,
      33.7272465
     ],
     [
      135.9835819,
      33.7272287
     ],
     [
      135.9835933,
      33.7272104
     ],
     [
      135.9836025,
      33.7271907
     ],
     [
      135.9836116,
      33.7271701
     ],
     [
      135.9836203,
      33.7271507
     ],
     [
      135.98363,
      33.7271319
     ],
     [
      135.9836413,
      33.7271135
     ],
     [
      135.9836533,
      33.7270971
     ],
     [
      135.9836651,
      33.7270811
     ],
     [
      135.9836769,
      33.727065
     ],
     [
      135.9836871,
      33.7270473
     ],
     [
      135.9836965,
      33.7270293
     ],
     [
      135.9837037,
      33.7270119
     ],
     [
      135.9837095,
      33.7269957
     ],
     [
      135.9837152,
      33.7269793
     ],
     [
      135.9837209,
      33.7269627
     ],
     [
      135.9837257,
      33.7269461
     ],
     [
      135.9837293,
      33.7269295
     ],
     [
      135.983733,
      33.726913
     ],
     [
      135.9837366,
      33.7268963
     ],
     [
      135.9837401,
      33.7268795
     ],
     [
      135.9837421,
      33.7268626
     ],
     [
      135.9837434,
      33.7268452
     ],
     [
      135.9837447,
      33.7268271
     ],
     [
      135.983746,
      33.7268089
     ],
     [
      135.9837463,
      33.7267908
     ],
     [
      135.9837473,
      33.7267728
     ],
     [
      135.9837485,
      33.7267549
     ],
     [
      135.9837502,
      33.7267368
     ],
     [
      135.9837515,
      33.7267185
     ],
     [
      135.9837536,
      33.7267002
     ],
     [
      135.9837561,
      33.7266819
     ],
     [
      135.9837606,
      33.7266637
     ],
     [
      135.9837673,
      33.7266458
     ],
     [
      135.9837752,
      33.7266282
     ],
     [
      135.9837844,
      33.7266106
     ],
     [
      135.9837942,
      33.7265928
     ],
     [
      135.9838043,
      33.7265752
     ],
     [
      135.9838149,
      33.7265575
     ],
     [
      135.9838253,
      33.7265397
     ],
     [
      135.983836,
      33.7265222
     ],
     [
      135.9838457,
      33.7265047
     ],
     [
      135.983856,
      33.7264873
     ],
     [
      135.9838662,
      33.7264699
     ],
     [
      135.9838749,
      33.7264523
     ],
     [
      135.9838825,
      33.7264349
     ],
     [
      135.9838888,
      33.726417
     ],
     [
      135.9838939,
      33.7263989
     ],
     [
      135.9838967,
      33.7263806
     ],
     [
      135.9838971,
      33.7263624
     ],
     [
      135.9838946,
      33.7263443
     ],
     [
      135.9838901,
      33.726326
     ],
     [
      135.9838836,
      33.7263078
     ],
     [
      135.9838762,
      33.7262898
     ],
     [
      135.9838678,
      33.7262719
     ],
     [
      135.9838688,
      33.7262535
     ],
     [
      135.9838697,
      33.726235
     ],
     [
      135.9838706,
      33.7262167
     ],
     [
      135.9838689,
      33.7261986
     ],
     [
      135.983867,
      33.7261802
     ],
     [
      135.9838668,
      33.7261617
     ],
     [
      135.9838692,
      33.7261433
     ],
     [
      135.9838743,
      33.7261251
     ],
     [
      135.9838816,
      33.7261071
     ],
     [
      135.9838892,
      33.7260888
     ],
     [
      135.983898,
      33.7260704
     ],
     [
      135.9838972,
      33.7260524
     ],
     [
      135.9838963,
      33.7260344
     ],
     [
      135.9838957,
      33.7260163
     ],
     [
      135.9838976,
      33.7259983
     ],
     [
      135.9839009,
      33.7259807
     ],
     [
      135.9839053,
      33.7259631
     ],
     [
      135.9839098,
      33.7259453
     ],
     [
      135.9839128,
      33.7259272
     ],
     [
      135.9839151,
      33.7259092
     ],
     [
      135.9839161,
      33.7258912
     ],
     [
      135.9839155,
      33.7258731
     ],
     [
      135.9839139,
      33.7258552
     ],
     [
      135.9839115,
      33.7258373
     ],
     [
      135.9839091,
      33.7258192
     ],
     [
      135.9839064,
      33.7258011
     ],
     [
      135.9839034,
      33.7257831
     ],
     [
      135.9838976,
      33.7257651
     ],
     [
      135.9838913,
      33.7257473
     ],
     [
      135.9838849,
      33.7257295
     ],
     [
      135.9838789,
      33.7257115
     ],
     [
      135.983874,
      33.7256935
     ],
     [
      135.9838695,
      33.7256755
     ],
     [
      135.9838663,
      33.7256576
     ],
     [
      135.9838648,
      33.7256398
     ],
     [
      135.9838632,
      33.725622
     ],
     [
      135.9838619,
      33.7256041
     ],
     [
      135.9838609,
      33.7255862
     ],
     [
      135.9838617,
      33.725568
     ],
     [
      135.9838629,
      33.7255498
     ],
     [
      135.9838646,
      33.7255317
     ],
     [
      135.9838662,
      33.7255137
     ],
     [
      135.9838678,
      33.7254957
     ],
     [
      135.9838693,
      33.7254777
     ],
     [
      135.9838681,
      33.7254596
     ],
     [
      135.9838659,
      33.7254415
     ],
     [
      135.9838637,
      33.7254236
     ],
     [
      135.9838616,
      33.7254057
     ],
     [
      135.9838598,
      33.7253876
     ],
     [
      135.9838581,
      33.7253696
     ],
     [
      135.9838568,
      33.7253517
     ],
     [
      135.9838554,
      33.7253337
     ],
     [
      135.9838548,
      33.7253156
     ],
     [
      135.9838543,
      33.7252974
     ],
     [
      135.9838542,
      33.7252793
     ],
     [
      135.9838568,
      33.7252612
     ],
     [
      135.9838595,
      33.725243
     ],
     [
      135.9838622,
      33.7252247
     ],
     [
      135.9838649,
      33.7252065
     ],
     [
      135.983867,
      33.7251883
     ],
     [
      135.9838689,
      33.7251702
     ],
     [
      135.9838697,
      33.7251521
     ],
     [
      135.9838698,
      33.725134
     ],
     [
      135.983869,
      33.725116
     ],
     [
      135.983868,
      33.7250981
     ],
     [
      135.9838669,
      33.7250801
     ],
     [
      135.9838655,
      33.725062
     ],
     [
      135.9838647,
      33.7250439
     ],
     [
      135.9838643,
      33.7250258
     ],
     [
      135.983864,
      33.7250078
     ],
     [
      135.9838637,
      33.7249897
     ],
     [
      135.9838631,
      33.7249717
     ],
     [
      135.9838631,
      33.7249537
     ],
     [
      135.9838637,
      33.7249356
     ],
     [
      135.9838644,
      33.7249175
     ],
     [
      135.9838653,
      33.7248994
     ],
     [
      135.9838663,
      33.7248813
     ],
     [
      135.9838687,
      33.7248634
     ],
     [
      135.9838709,
      33.7248454
     ],
     [
      135.9838733,
      33.7248275
     ],
     [
      135.9838757,
      33.7248096
     ],
     [
      135.9838782,
      33.7247916
     ],
     [
      135.9838813,
      33.7247736
     ],
     [
      135.9838853,
      33.7247557
     ],
     [
      135.9838899,
      33.724738
     ],
     [
      135.9838948,
      33.7247202
     ],
     [
      135.9838995,
      33.7247024
     ],
     [
      135.9839044,
      33.7246845
     ],
     [
      135.9839085,
      33.7246666
     ],
     [
      135.983912,
      33.7246486
     ],
     [
      135.9839149,
      33.7246305
     ],
     [
      135.9839179,
      33.7246123
     ],
     [
      135.9839207,
      33.7245941
     ],
     [
      135.9839232,
      33.7245757
     ],
     [
      135.983925,
      33.7245572
     ],
     [
      135.9839251,
      33.7245379
     ],
     [
      135.9839248,
      33.724518
     ],
     [
      135.9839245,
      33.7244983
     ],
     [
      135.9839256,
      33.7244791
     ],
     [
      135.9839265,
      33.7244597
     ],
     [
      135.983929,
      33.7244408
     ],
     [
      135.9839342,
      33.7244224
     ],
     [
      135.9839416,
      33.7244046
     ],
     [
      135.9839504,
      33.7243871
     ],
     [
      135.9839614,
      33.7243701
     ],
     [
      135.9839731,
      33.7243531
     ],
     [
      135.9839872,
      33.724337
     ],
     [
      135.9840016,
      33.7243215
     ],
     [
      135.9840162,
      33.7243059
     ],
     [
      135.984029,
      33.7242895
     ],
     [
      135.9840415,
      33.7242731
     ],
     [
      135.984052,
      33.7242559
     ],
     [
      135.9840593,
      33.724238
     ],
     [
      135.9840642,
      33.7242197
     ],
     [
      135.9840678,
      33.724201
     ],
     [
      135.9840694,
      33.7241821
     ],
     [
      135.984072,
      33.7241633
     ],
     [
      135.9840734,
      33.7241444
     ],
     [
      135.9840745,
      33.7241254
     ],
     [
      135.9840757,
      33.7241066
     ],
     [
      135.984077,
      33.7240878
     ],
     [
      135.9840782,
      33.7240693
     ],
     [
      135.9840801,
      33.7240511
     ],
     [
      135.984084,
      33.7240333
     ],
     [
      135.9840891,
      33.7240156
     ],
     [
      135.9840945,
      33.7239978
     ],
     [
      135.9841009,
      33.7239796
     ],
     [
      135.9841057,
      33.7239611
     ],
     [
      135.9841104,
      33.7239424
     ],
     [
      135.9841149,
      33.7239236
     ],
     [
      135.9841192,
      33.723905
     ],
     [
      135.9841234,
      33.7238865
     ],
     [
      135.9841275,
      33.7238678
     ],
     [
      135.9841303,
      33.7238492
     ],
     [
      135.9841316,
      33.7238305
     ],
     [
      135.9841276,
      33.7238123
     ],
     [
      135.9841212,
      33.7237945
     ],
     [
      135.9841112,
      33.7237771
     ],
     [
      135.9841002,
      33.7237604
     ],
     [
      135.9840892,
      33.7237438
     ],
     [
      135.9840782,
      33.7237271
     ],
     [
      135.9840682,
      33.7237102
     ],
     [
      135.9840587,
      33.7236929
     ],
     [
      135.9840505,
      33.7236752
     ],
     [
      135.9840444,
      33.7236568
     ],
     [
      135.9840385,
      33.7236379
     ],
     [
      135.9840368,
      33.7236184
     ],
     [
      135.9840363,
      33.7235987
     ],
     [
      135.9840356,
      33.7235795
     ],
     [
      135.984035,
      33.7235599
     ],
     [
      135.984034,
      33.7235402
     ],
     [
      135.9840319,
      33.7235205
     ],
     [
      135.9840275,
      33.7235013
     ],
     [
      135.9840223,
      33.723482
     ],
     [
      135.984015,
      33.7234634
     ],
     [
      135.9840043,
      33.7234459
     ],
     [
      135.9839908,
      33.7234295
     ],
     [
      135.9839739,
      33.7234143
     ],
     [
      135.983956,
      33.7233994
     ],
     [
      135.9839406,
      33.7233834
     ],
     [
      135.983925,
      33.7233673
     ],
     [
      135.9839096,
      33.7233511
     ],
     [
      135.9838952,
      33.7233346
     ],
     [
      135.9838821,
      33.7233174
     ],
     [
      135.9838689,
      33.7232998
     ],
     [
      135.9838566,
      33.723282
     ],
     [
      135.9838454,
      33.7232636
     ],
     [
      135.9838362,
      33.7232444
     ],
     [
      135.9838298,
      33.7232242
     ],
     [
      135.9838242,
      33.7232036
     ],
     [
      135.9838184,
      33.7231834
     ],
     [
      135.9838127,
      33.7231633
     ],
     [
      135.9838064,
      33.7231433
     ],
     [
      135.9837989,
      33.7231236
     ],
     [
      135.9837897,
      33.7231048
     ],
     [
      135.983779,
      33.723087
     ],
     [
      135.9837657,
      33.7230702
     ],
     [
      135.9837519,
      33.7230537
     ],
     [
      135.983738,
      33.7230373
     ],
     [
      135.9837236,
      33.7230207
     ],
     [
      135.9837102,
      33.7230035
     ],
     [
      135.9836973,
      33.7229861
     ],
     [
      135.9836843,
      33.7229687
     ],
     [
      135.9836708,
      33.7229517
     ],
     [
      135.9836576,
      33.7229346
     ],
     [
      135.9836454,
      33.7229172
     ],
     [
      135.9836347,
      33.7228994
     ],
     [
      135.9836222,
      33.7228812
     ],
     [
      135.9836113,
      33.7228626
     ],
     [
      135.9836014,
      33.722844
     ],
     [
      135.983593,
      33.7228255
     ],
     [
      135.9835848,
      33.7228075
     ],
     [
      135.9835776,
      33.7227898
     ],
     [
      135.9835723,
      33.722772
     ],
     [
      135.9835688,
      33.722754
     ],
     [
      135.9835669,
      33.722736
     ],
     [
      135.9835668,
      33.722718
     ],
     [
      135.9835706,
      33.7227001
     ],
     [
      135.9835791,
      33.7226819
     ],
     [
      135.9835876,
      33.7226638
     ],
     [
      135.9835961,
      33.7226457
     ],
     [
      135.983604,
      33.7226275
     ],
     [
      135.9836116,
      33.7226093
     ],
     [
      135.9836182,
      33.722591
     ],
     [
      135.9836229,
      33.7225728
     ],
     [
      135.9836264,
      33.7225546
     ],
     [
      135.9836285,
      33.7225363
     ],
     [
      135.9836286,
      33.722518
     ],
     [
      135.9836249,
      33.7224995
     ],
     [
      135.9836195,
      33.7224812
     ],
     [
      135.9836127,
      33.7224632
     ],
     [
      135.9836053,
      33.7224453
     ],
     [
      135.9835976,
      33.7224273
     ],
     [
      135.9835894,
      33.7224096
     ],
     [
      135.9835811,
      33.7223919
     ],
     [
      135.9835737,
      33.7223757
     ],
     [
      135.9835672,
      33.7223612
     ],
     [
      135.9835613,
      33.7223484
     ],
     [
      135.9835563,
      33.7223373
     ],
     [
      135.9835518,
      33.7223278
     ]
    ]
   }
  },
  {
   "type": "Feature",
   "properties": {
    "name": "transect",
    "from": "神倉神社 (summit, at Gotobiki-iwa)",
    "via": "the path and the stone steps (OSM 121369321, 121366071) to the bridge over 市田川",
    "to": "新宮市役所",
    "length_m": 1132
   },
   "geometry": {
    "type": "LineString",
    "coordinates": [
     [
      135.9828128,
      33.7221968
     ],
     [
      135.9828667,
      33.7221595
     ],
     [
      135.9829079,
      33.7222591
     ],
     [
      135.9828541,
      33.7222815
     ],
     [
      135.9826581,
      33.7223642
     ],
     [
      135.9825216,
      33.7224351
     ],
     [
      135.9824408,
      33.7224863
     ],
     [
      135.98244,
      33.7224891
     ],
     [
      135.9824219,
      33.7225521
     ],
     [
      135.982406,
      33.7226077
     ],
     [
      135.9823745,
      33.7227184
     ],
     [
      135.9823818,
      33.7228283
     ],
     [
      135.9823998,
      33.7229172
     ],
     [
      135.9824663,
      33.7230246
     ],
     [
      135.9825986,
      33.7231426
     ],
     [
      135.9826291,
      33.7232192
     ],
     [
      135.9826722,
      33.7232961
     ],
     [
      135.982697,
      33.7233743
     ],
     [
      135.9828278,
      33.7234627
     ],
     [
      135.9828861,
      33.7234986
     ],
     [
      135.9830283,
      33.7235996
     ],
     [
      135.9831651,
      33.7236698
     ],
     [
      135.9832805,
      33.7237024
     ],
     [
      135.9834555,
      33.7237581
     ],
     [
      135.9835526,
      33.7237925
     ],
     [
      135.9837297,
      33.7238634
     ],
     [
      135.9839255,
      33.7239175
     ],
     [
      135.9839965,
      33.7239459
     ],
     [
      135.9840475,
      33.7239961
     ],
     [
      135.9840496,
      33.7240523
     ],
     [
      135.984068,
      33.7240598
     ],
     [
      135.9841121,
      33.72408
     ],
     [
      135.984116,
      33.7241
     ],
     [
      135.98419,
      33.72433
     ],
     [
      135.992493,
      33.724121
     ]
    ]
   }
  }
 ]
}