{"type":"FeatureCollection","name":"kamikura_cadastre","source":"「登記所備付地図データ 新宮市」（法務省） https://www.geospatial.jp/ckan/dataset/houmusyouchizu-2026-1-1430 を加工して作成 (sheet 30207-1704-59, arbitrary coordinates, registered to GSI road edges by an affine transform; road-parcel fit median 1.19 m) — no-one-is-an-island, kansai/tools/kamikura","features":[{"type":"Feature","properties":{"kind":"numbered"},"geometry":{"type":"Polygon","coordinates":[[[135.9858115,33.7237897],[135.9858113,33.7237806],[135.9856964,33.7237916],[135.9856964,33.7237995],[135.9858115,33.7237897]]]}},{"type":"Feature","properties":{"kind":"numbered"},"geometry":{"type":"Polygon","coordinates":[[[135.9853487,33.7239748],[135.9854679,33.7239482],[135.9855606,33.7239278],[135.9855604,33.7238585],[135.9855516,33.723806],[135.9853354,33.7238539],[135.9853487,33.7239748]]]}},{"type":"Feature","properties":{"kind":"numbered"},"geometry":{"type":"Polygon","coordinates":[[[135.9853354,33.7238539],[135.9852061,33.7238817],[135.9852287,33.7240016],[135.9852721,33.7239918],[135.9853487,33.7239748],[135.9853354,33.7238539]]]}},{"type":"Feature","properties":{"kind":"numbered"},"geometry":{"type":"Polygon","coordinates":[[[135.9852061,33.7238817],[135.9851159,33.7239012],[135.9851325,33.724023],[135.9852287,33.7240016],[135.9852061,33.7238817]]]}},{"type":"Feature","properties":{"kind":"numbered"},"geometry":{"type":"Polygon","coordinates":[[[135.9856964,33.7237995],[135.9856964,33.7237916],[135.9855925,33.7238015],[135.9855895,33.72384],[135.9855953,33.7239519],[135.9856073,33.7239518],[135.9856044,33.7238223],[135.9856126,33.7238088],[135.9856964,33.7237995]]]}},{"type":"Feature","properties":{"kind":"numbered"},"geometry":{"type":"Polygon","coordinates":[[[135.9857036,33.7239529],[135.9856964,33.7237995],[135.9856126,33.7238088],[135.9856044,33.7238223],[135.9856073,33.7239518],[135.9857036,33.7239529]]]}},{"type":"Feature","properties":{"kind":"numbered"},"geometry":{"type":"Polygon","coordinates":[[[135.9858165,33.7239541],[135.9858115,33.7237897],[135.9856964,33.7237995],[135.9857036,33.7239529],[135.9858165,33.7239541]]]}},{"type":"Feature","properties":{"kind":"numbered"},"geometry":{"type":"Polygon","coordinates":[[[135.9852287,33.7240016],[135.9851325,33.724023],[135.9851421,33.7240942],[135.9852919,33.7240683],[135.9852721,33.7239918],[135.9852287,33.7240016]]]}},{"type":"Feature","properties":{"kind":"numbered"},"geometry":{"type":"Polygon","coordinates":[[[135.9855606,33.7239278],[135.9854679,33.7239482],[135.98548,33.7240949],[135.9855707,33.7240859],[135.9855619,33.7239937],[135.9855606,33.7239278]]]}},{"type":"Feature","properties":{"kind":"numbered"},"geometry":{"type":"Polygon","coordinates":[[[135.9856112,33.7240523],[135.9856073,33.7239518],[135.9855953,33.7239519],[135.9856005,33.7240525],[135.9856112,33.7240523]]]}},{"type":"Feature","properties":{"kind":"numbered"},"geometry":{"type":"Polygon","coordinates":[[[135.9858194,33.7240494],[135.9858165,33.7239541],[135.9857036,33.7239529],[135.9856073,33.7239518],[135.9856112,33.7240523],[135.9857648,33.7240501],[135.9858194,33.7240494]]]}},{"type":"Feature","properties":{"kind":"road"},"geometry":{"type":"Polygon","coordinates":[[[135.9851613,33.7242323],[135.9851484,33.7241389],[135.9851421,33.7240942],[135.9851325,33.724023],[135.9851159,33.7239012],[135.9852061,33.7238817],[135.9853354,33.7238539],[135.9855516,33.723806],[135.9855604,33.7238585],[135.9855606,33.7239278],[135.9855619,33.7239937],[135.9855707,33.7240859],[135.9855747,33.7241249],[135.9855681,33.7241781],[135.9855477,33.7242276],[135.9855309,33.7242514],[135.9855081,33.7242699],[135.9854727,33.7242865],[135.9854992,33.724322],[135.9855335,33.7242931],[135.9855518,33.7242734],[135.9855784,33.7242373],[135.9855988,33.7241975],[135.985603,33.7241423],[135.9856005,33.7240525],[135.9855953,33.7239519],[135.9855895,33.72384],[135.9855925,33.7238015],[135.9856964,33.7237916],[135.9858113,33.7237806],[135.9858579,33.7237761],[135.9858383,33.7237587],[135.985778,33.7237546],[135.9857288,33.7237585],[135.9855584,33.723782],[135.9852742,33.7238396],[135.9850406,33.7238926],[135.9850499,33.7239159],[135.9850889,33.7239076],[135.9851387,33.7242622],[135.9851392,33.7242741],[135.9851663,33.7242698],[135.9851613,33.7242323]]]}},{"type":"Feature","properties":{"kind":"numbered"},"geometry":{"type":"Polygon","coordinates":[[[135.9853487,33.7239748],[135.9852721,33.7239918],[135.9852919,33.7240683],[135.9851421,33.7240942],[135.9851484,33.7241389],[135.9852499,33.7241267],[135.9852453,33.7242253],[135.9853781,33.7242142],[135.9853724,33.7241788],[135.985435,33.7241732],[135.9854291,33.7241386],[135.9854831,33.724133],[135.98548,33.7240949],[135.9854679,33.7239482],[135.9853487,33.7239748]]]}},{"type":"Feature","properties":{"kind":"numbered"},"geometry":{"type":"Polygon","coordinates":[[[135.9851484,33.7241389],[135.9851613,33.7242323],[135.9852453,33.7242253],[135.9852499,33.7241267],[135.9851484,33.7241389]]]}},{"type":"Feature","properties":{"kind":"numbered"},"geometry":{"type":"Polygon","coordinates":[[[135.9858194,33.7240494],[135.9857648,33.7240501],[135.9857701,33.7241002],[135.9858215,33.7240989],[135.9858194,33.7240494]]]}},{"type":"Feature","properties":{"kind":"numbered"},"geometry":{"type":"Polygon","coordinates":[[[135.9859334,33.7240963],[135.9859297,33.7240479],[135.9858194,33.7240494],[135.9858215,33.7240989],[135.9859334,33.7240963]]]}},{"type":"Feature","properties":{"kind":"numbered"},"geometry":{"type":"Polygon","coordinates":[[[135.9856005,33.7240525],[135.985603,33.7241423],[135.9855988,33.7241975],[135.9857796,33.7241907],[135.9857701,33.7241002],[135.9857648,33.7240501],[135.9856112,33.7240523],[135.9856005,33.7240525]]]}},{"type":"Feature","properties":{"kind":"numbered"},"geometry":{"type":"Polygon","coordinates":[[[135.9854421,33.7242867],[135.9854727,33.7242865],[135.9855081,33.7242699],[135.9855309,33.7242514],[135.9855477,33.7242276],[135.9855681,33.7241781],[135.9855747,33.7241249],[135.9855707,33.7240859],[135.98548,33.7240949],[135.9854831,33.724133],[135.9854291,33.7241386],[135.985435,33.7241732],[135.9854421,33.7242867]]]}},{"type":"Feature","properties":{"kind":"numbered"},"geometry":{"type":"Polygon","coordinates":[[[135.9852453,33.7242253],[135.9851613,33.7242323],[135.9851663,33.7242698],[135.9852433,33.7242753],[135.9852453,33.7242253]]]}},{"type":"Feature","properties":{"kind":"numbered"},"geometry":{"type":"Polygon","coordinates":[[[135.9852433,33.7242753],[135.9854421,33.7242867],[135.985435,33.7241732],[135.9853724,33.7241788],[135.9853781,33.7242142],[135.9852453,33.7242253],[135.9852433,33.7242753]]]}},{"type":"Feature","properties":{"kind":"numbered"},"geometry":{"type":"Polygon","coordinates":[[[135.9859553,33.7244004],[135.9859334,33.7240963],[135.9858215,33.7240989],[135.9857701,33.7241002],[135.9857796,33.7241907],[135.9857972,33.7244118],[135.9859553,33.7244004]]]}},{"type":"Feature","properties":{"kind":"numbered"},"geometry":{"type":"Polygon","coordinates":[[[135.9854992,33.724322],[135.9855029,33.7243657],[135.9855518,33.7242734],[135.9855335,33.7242931],[135.9854992,33.724322]]]}},{"type":"Feature","properties":{"kind":"numbered"},"geometry":{"type":"Polygon","coordinates":[[[135.9851413,33.7244313],[135.9851907,33.7244304],[135.9851916,33.7243454],[135.9851669,33.7243443],[135.9851449,33.7243481],[135.985122,33.7243554],[135.9851369,33.724449],[135.9851436,33.7244484],[135.9851421,33.7244381],[135.9851413,33.7244313]]]}},{"type":"Feature","properties":{"kind":"numbered"},"geometry":{"type":"Polygon","coordinates":[[[135.9853099,33.7244287],[135.985301,33.7243538],[135.9851916,33.7243454],[135.9851907,33.7244304],[135.9853099,33.7244287]]]}},{"type":"Feature","properties":{"kind":"numbered"},"geometry":{"type":"Polygon","coordinates":[[[135.9855093,33.7244324],[135.9857972,33.7244118],[135.9857796,33.7241907],[135.9855988,33.7241975],[135.9855784,33.7242373],[135.9855518,33.7242734],[135.9855029,33.7243657],[135.9855093,33.7244324]]]}},{"type":"Feature","properties":{"kind":"road"},"geometry":{"type":"Polygon","coordinates":[[[135.9841726,33.7243075],[135.9841608,33.7243325],[135.9842095,33.7243526],[135.984217,33.7243517],[135.9842099,33.7243225],[135.9842041,33.724323],[135.9841726,33.7243075]]]}},{"type":"Feature","properties":{"kind":"numbered"},"geometry":{"type":"Polygon","coordinates":[[[135.9842522,33.72457],[135.9842128,33.7243846],[135.9841806,33.7243811],[135.9841568,33.724386],[135.984122,33.724402],[135.984072,33.7244076],[135.9840194,33.7244032],[135.9839738,33.7243929],[135.9839445,33.7244302],[135.983933,33.7244547],[135.9839215,33.7244861],[135.9839057,33.7245508],[135.9842522,33.72457]]]}},{"type":"Feature","properties":{"kind":"numbered"},"geometry":{"type":"Polygon","coordinates":[[[135.9850492,33.7244572],[135.9851369,33.724449],[135.985122,33.7243554],[135.9850882,33.7243629],[135.9850343,33.7243653],[135.9850492,33.7244572]]]}},{"type":"Feature","properties":{"kind":"numbered"},"geometry":{"type":"Polygon","coordinates":[[[135.9843123,33.7247551],[135.9842725,33.7243755],[135.9842683,33.7243745],[135.9842476,33.7243755],[135.9842406,33.7243773],[135.9843123,33.7247551]]]}},{"type":"Feature","properties":{"kind":"numbered"},"geometry":{"type":"Polygon","coordinates":[[[135.9843123,33.7247551],[135.9842406,33.7243773],[135.9842289,33.7243803],[135.9842567,33.7245412],[135.9842731,33.7246017],[135.9842893,33.7246799],[135.9843123,33.7247551]]]}},{"type":"Feature","properties":{"kind":"numbered"},"geometry":{"type":"Polygon","coordinates":[[[135.9842801,33.7246925],[135.9842522,33.72457],[135.9839057,33.7245508],[135.9838971,33.7246311],[135.9838936,33.7246975],[135.9839889,33.7247021],[135.9840724,33.7247061],[135.9841194,33.7247084],[135.9841204,33.7246844],[135.984162,33.7246863],[135.9842801,33.7246925]]]}},{"type":"Feature","properties":{"kind":"numbered"},"geometry":{"type":"Polygon","coordinates":[[[135.9851369,33.724449],[135.9850492,33.7244572],[135.9850722,33.7245583],[135.9851617,33.7245496],[135.9851436,33.7244484],[135.9851369,33.724449]]]}},{"type":"Feature","properties":{"kind":"numbered"},"geometry":{"type":"Polygon","coordinates":[[[135.9839858,33.7247809],[135.9840601,33.7247852],[135.9840704,33.7247857],[135.9840724,33.7247061],[135.9839889,33.7247021],[135.9839858,33.7247809]]]}},{"type":"Feature","properties":{"kind":"numbered"},"geometry":{"type":"Polygon","coordinates":[[[135.9840704,33.7247857],[135.9841569,33.7247906],[135.984162,33.7246863],[135.9841204,33.7246844],[135.9841194,33.7247084],[135.9840724,33.7247061],[135.9840704,33.7247857]]]}},{"type":"Feature","properties":{"kind":"numbered"},"geometry":{"type":"Polygon","coordinates":[[[135.9842801,33.7246925],[135.984162,33.7246863],[135.9841569,33.7247906],[135.9843102,33.7248],[135.9842911,33.7247377],[135.9842801,33.7246925]]]}},{"type":"Feature","properties":{"kind":"numbered"},"geometry":{"type":"Polygon","coordinates":[[[135.9853099,33.7244287],[135.9853141,33.7244606],[135.985413,33.7244652],[135.9854072,33.7243726],[135.9853918,33.7243659],[135.9853581,33.7243584],[135.985301,33.7243538],[135.9853099,33.7244287]]]}},{"type":"Feature","properties":{"kind":"numbered"},"geometry":{"type":"Polygon","coordinates":[[[135.9852855,33.7245122],[135.9852976,33.724512],[135.9854151,33.7245107],[135.9854143,33.7244917],[135.9853177,33.7244868],[135.9853141,33.7244606],[135.9853099,33.7244287],[135.9851907,33.7244304],[135.9851413,33.7244313],[135.9851421,33.7244381],[135.9852937,33.7244493],[135.9852855,33.7245122]]]}},{"type":"Feature","properties":{"kind":"numbered"},"geometry":{"type":"Polygon","coordinates":[[[135.9852852,33.7245444],[135.9852855,33.7245122],[135.9852937,33.7244493],[135.9851421,33.7244381],[135.9851436,33.7244484],[135.9851617,33.7245496],[135.985206,33.7245453],[135.9852852,33.7245444]]]}},{"type":"Feature","properties":{"kind":"numbered"},"geometry":{"type":"Polygon","coordinates":[[[135.985413,33.7244652],[135.9853141,33.7244606],[135.9853177,33.7244868],[135.9854143,33.7244917],[135.985413,33.7244652]]]}},{"type":"Feature","properties":{"kind":"numbered"},"geometry":{"type":"Polygon","coordinates":[[[135.9853175,33.724581],[135.9853171,33.7245629],[135.9853377,33.7245622],[135.9853366,33.7245304],[135.9854161,33.7245299],[135.9854151,33.7245107],[135.9852976,33.724512],[135.9852962,33.7245812],[135.9853175,33.724581]]]}},{"type":"Feature","properties":{"kind":"numbered"},"geometry":{"type":"Polygon","coordinates":[[[135.9852976,33.724512],[135.9852855,33.7245122],[135.9852852,33.7245444],[135.9852857,33.7246002],[135.9853194,33.7245993],[135.9854283,33.724597],[135.9854244,33.7245799],[135.9853175,33.724581],[135.9852962,33.7245812],[135.9852976,33.724512]]]}},{"type":"Feature","properties":{"kind":"numbered"},"geometry":{"type":"Polygon","coordinates":[[[135.9853171,33.7245629],[135.9853175,33.724581],[135.9854244,33.7245799],[135.9854161,33.7245299],[135.9853366,33.7245304],[135.9853377,33.7245622],[135.9853171,33.7245629]]]}},{"type":"Feature","properties":{"kind":"numbered"},"geometry":{"type":"Polygon","coordinates":[[[135.9855744,33.7245865],[135.9855675,33.7244971],[135.9855063,33.7245017],[135.9855051,33.7245151],[135.9855125,33.7245875],[135.9855744,33.7245865]]]}},{"type":"Feature","properties":{"kind":"numbered"},"geometry":{"type":"Polygon","coordinates":[[[135.9856294,33.7245856],[135.9856165,33.7244934],[135.9855675,33.7244971],[135.9855744,33.7245865],[135.9856294,33.7245856]]]}},{"type":"Feature","properties":{"kind":"numbered"},"geometry":{"type":"Polygon","coordinates":[[[135.9852857,33.7246002],[135.9852852,33.7245444],[135.985206,33.7245453],[135.9852061,33.7247162],[135.9853221,33.7247138],[135.9853194,33.7245993],[135.9852857,33.7246002]]]}},{"type":"Feature","properties":{"kind":"numbered"},"geometry":{"type":"Polygon","coordinates":[[[135.9856294,33.7245856],[135.9856346,33.7246209],[135.9857574,33.7246177],[135.9857072,33.7244859],[135.9856165,33.7244934],[135.9856294,33.7245856]]]}},{"type":"Feature","properties":{"kind":"numbered"},"geometry":{"type":"Polygon","coordinates":[[[135.9860316,33.7245502],[135.9860181,33.7244599],[135.9859308,33.7244673],[135.9859472,33.724551],[135.9860316,33.7245502]]]}},{"type":"Feature","properties":{"kind":"numbered"},"geometry":{"type":"Polygon","coordinates":[[[135.9853221,33.7247138],[135.9854388,33.7247116],[135.9854399,33.7246936],[135.9854347,33.7246659],[135.9854283,33.724597],[135.9853194,33.7245993],[135.9853221,33.7247138]]]}},{"type":"Feature","properties":{"kind":"numbered"},"geometry":{"type":"Polygon","coordinates":[[[135.9858754,33.7246615],[135.9859405,33.7246442],[135.9859156,33.7244686],[135.9858514,33.7244741],[135.9858754,33.7246615]]]}},{"type":"Feature","properties":{"kind":"numbered"},"geometry":{"type":"Polygon","coordinates":[[[135.9855832,33.7246605],[135.9856403,33.7246611],[135.9856346,33.7246209],[135.9856294,33.7245856],[135.9855744,33.7245865],[135.9855125,33.7245875],[135.9855184,33.7246599],[135.9855832,33.7246605]]]}},{"type":"Feature","properties":{"kind":"numbered"},"geometry":{"type":"Polygon","coordinates":[[[135.9859156,33.7244686],[135.9859405,33.7246442],[135.9860233,33.7246221],[135.986018,33.724586],[135.986037,33.7245824],[135.9860329,33.7245578],[135.9859485,33.724559],[135.9859472,33.724551],[135.9859308,33.7244673],[135.9859156,33.7244686]]]}},{"type":"Feature","properties":{"kind":"numbered"},"geometry":{"type":"Polygon","coordinates":[[[135.9860329,33.7245578],[135.9860316,33.7245502],[135.9859472,33.724551],[135.9859485,33.724559],[135.9860329,33.7245578]]]}},{"type":"Feature","properties":{"kind":"numbered"},"geometry":{"type":"Polygon","coordinates":[[[135.9855217,33.7247024],[135.9855207,33.7247487],[135.9855858,33.7247483],[135.9855832,33.7246605],[135.9855184,33.7246599],[135.9855217,33.7247024]]]}},{"type":"Feature","properties":{"kind":"numbered"},"geometry":{"type":"Polygon","coordinates":[[[135.9856403,33.7246611],[135.9855832,33.7246605],[135.9855858,33.7247483],[135.9858067,33.7247472],[135.9857574,33.7246177],[135.9856346,33.7246209],[135.9856403,33.7246611]]]}},{"type":"Feature","properties":{"kind":"numbered"},"geometry":{"type":"Polygon","coordinates":[[[135.9860254,33.7246368],[135.9860159,33.7246368],[135.9860166,33.7246517],[135.9861141,33.7246486],[135.9861157,33.7245853],[135.986037,33.7245824],[135.986018,33.724586],[135.9860233,33.7246221],[135.9860254,33.7246368]]]}},{"type":"Feature","properties":{"kind":"numbered"},"geometry":{"type":"Polygon","coordinates":[[[135.9840704,33.7247857],[135.9840601,33.7247852],[135.9840574,33.7248629],[135.9842264,33.7248697],[135.9842322,33.7248343],[135.9843219,33.7248322],[135.9843102,33.7248],[135.9841569,33.7247906],[135.9840704,33.7247857]]]}},{"type":"Feature","properties":{"kind":"numbered"},"geometry":{"type":"Polygon","coordinates":[[[135.9840877,33.7249848],[135.9841484,33.724988],[135.9842036,33.724991],[135.9842379,33.7249928],[135.9842528,33.7248986],[135.9843471,33.7248999],[135.9843219,33.7248322],[135.9842322,33.7248343],[135.9842264,33.7248697],[135.9840574,33.7248629],[135.9840533,33.7249829],[135.9840877,33.7249848]]]}},{"type":"Feature","properties":{"kind":"numbered"},"geometry":{"type":"Polygon","coordinates":[[[135.9842379,33.7249928],[135.9842598,33.7249941],[135.9843842,33.7250007],[135.9843471,33.7248999],[135.9842528,33.7248986],[135.9842379,33.7249928]]]}},{"type":"Feature","properties":{"kind":"numbered"},"geometry":{"type":"Polygon","coordinates":[[[135.9840859,33.7250779],[135.9840877,33.7249848],[135.9840533,33.7249829],[135.9840135,33.7249809],[135.984011,33.7250734],[135.9840859,33.7250779]]]}},{"type":"Feature","properties":{"kind":"numbered"},"geometry":{"type":"Polygon","coordinates":[[[135.9840877,33.7249848],[135.9840859,33.7250779],[135.9840949,33.7250784],[135.9841495,33.7250818],[135.9841484,33.724988],[135.9840877,33.7249848]]]}},{"type":"Feature","properties":{"kind":"numbered"},"geometry":{"type":"Polygon","coordinates":[[[135.9841484,33.724988],[135.9841495,33.7250818],[135.9841585,33.7250823],[135.9841926,33.7250844],[135.9842061,33.7250852],[135.9842036,33.724991],[135.9841484,33.724988]]]}},{"type":"Feature","properties":{"kind":"numbered"},"geometry":{"type":"Polygon","coordinates":[[[135.9842061,33.7250852],[135.9842661,33.7250888],[135.9842598,33.7249941],[135.9842379,33.7249928],[135.9842036,33.724991],[135.9842061,33.7250852]]]}},{"type":"Feature","properties":{"kind":"numbered"},"geometry":{"type":"Polygon","coordinates":[[[135.9842598,33.7249941],[135.9842661,33.7250888],[135.9843952,33.7250968],[135.9843926,33.7250558],[135.9843842,33.7250007],[135.9842598,33.7249941]]]}},{"type":"Feature","properties":{"kind":"numbered"},"geometry":{"type":"Polygon","coordinates":[[[135.9841522,33.7251994],[135.9841585,33.7250823],[135.9841495,33.7250818],[135.9840949,33.7250784],[135.984089,33.7251954],[135.9841522,33.7251994]]]}},{"type":"Feature","properties":{"kind":"numbered"},"geometry":{"type":"Polygon","coordinates":[[[135.9841585,33.7250823],[135.9841522,33.7251994],[135.984188,33.7252017],[135.9841926,33.7250844],[135.9841585,33.7250823]]]}},{"type":"Feature","properties":{"kind":"numbered"},"geometry":{"type":"Polygon","coordinates":[[[135.9858053,33.7248776],[135.98585,33.7248838],[135.9858792,33.7248877],[135.9859072,33.7248919],[135.9858964,33.7248136],[135.9858839,33.7247246],[135.9858754,33.7246615],[135.9858514,33.7244741],[135.9857072,33.7244859],[135.9857574,33.7246177],[135.9858067,33.7247472],[135.9858053,33.7248776]]]}},{"type":"Feature","properties":{"kind":"numbered"},"geometry":{"type":"Polygon","coordinates":[[[135.9860159,33.7246368],[135.9860254,33.7246368],[135.9860233,33.7246221],[135.9859405,33.7246442],[135.9858754,33.7246615],[135.9858839,33.7247246],[135.9859385,33.7247195],[135.9859375,33.7247094],[135.9860167,33.7246987],[135.9860166,33.7246517],[135.9860159,33.7246368]]]}},{"type":"Feature","properties":{"kind":"numbered"},"geometry":{"type":"Polygon","coordinates":[[[135.9860166,33.7246517],[135.9860167,33.7246987],[135.9861135,33.7246946],[135.9861141,33.7246486],[135.9860166,33.7246517]]]}},{"type":"Feature","properties":{"kind":"numbered"},"geometry":{"type":"Polygon","coordinates":[[[135.9861132,33.7247032],[135.9861135,33.7246946],[135.9860167,33.7246987],[135.9859375,33.7247094],[135.9859385,33.7247195],[135.986098,33.7247049],[135.9861132,33.7247032]]]}},{"type":"Feature","properties":{"kind":"numbered"},"geometry":{"type":"Polygon","coordinates":[[[135.9859421,33.7247433],[135.9859981,33.7247394],[135.9860604,33.7247351],[135.986129,33.7247425],[135.9861725,33.7247376],[135.9861688,33.724715],[135.986098,33.7247049],[135.9859385,33.7247195],[135.9859421,33.7247433]]]}},{"type":"Feature","properties":{"kind":"numbered"},"geometry":{"type":"Polygon","coordinates":[[[135.9858053,33.7248776],[135.9858067,33.7247472],[135.9855858,33.7247483],[135.9855207,33.7247487],[135.9855202,33.7247769],[135.9856712,33.7247813],[135.9856999,33.7248054],[135.9857009,33.7248765],[135.9857327,33.7248767],[135.9857933,33.724877],[135.9858053,33.7248776]]]}},{"type":"Feature","properties":{"kind":"numbered"},"geometry":{"type":"Polygon","coordinates":[[[135.9857009,33.7248765],[135.9856999,33.7248054],[135.9856712,33.7247813],[135.9855202,33.7247769],[135.9855184,33.7248754],[135.985669,33.7248763],[135.9857009,33.7248765]]]}},{"type":"Feature","properties":{"kind":"numbered"},"geometry":{"type":"Polygon","coordinates":[[[135.9860076,33.7248048],[135.9859981,33.7247394],[135.9859421,33.7247433],[135.9859385,33.7247195],[135.9858839,33.7247246],[135.9858964,33.7248136],[135.9860076,33.7248048]]]}},{"type":"Feature","properties":{"kind":"numbered"},"geometry":{"type":"Polygon","coordinates":[[[135.9860081,33.7248896],[135.9860652,33.7248781],[135.98605,33.7247475],[135.9860604,33.7247351],[135.9859981,33.7247394],[135.9860076,33.7248048],[135.9858964,33.7248136],[135.9859072,33.7248919],[135.9859617,33.724899],[135.9860081,33.7248896]]]}},{"type":"Feature","properties":{"kind":"numbered"},"geometry":{"type":"Polygon","coordinates":[[[135.986129,33.7247425],[135.9860604,33.7247351],[135.98605,33.7247475],[135.9860652,33.7248781],[135.9861135,33.7248682],[135.9861912,33.7248529],[135.9861819,33.7247949],[135.9861725,33.7247376],[135.986129,33.7247425]]]}},{"type":"Feature","properties":{"kind":"numbered"},"geometry":{"type":"Polygon","coordinates":[[[135.9838896,33.7247754],[135.9839858,33.7247809],[135.9839889,33.7247021],[135.9838936,33.7246975],[135.9838896,33.7247754]]]}},{"type":"Feature","properties":{"kind":"numbered"},"geometry":{"type":"Polygon","coordinates":[[[135.9839858,33.7247809],[135.9838896,33.7247754],[135.983879,33.7248341],[135.9838699,33.7249078],[135.9838711,33.7249688],[135.9838765,33.7250109],[135.9839012,33.7250125],[135.983901,33.7249748],[135.9839875,33.7249794],[135.9840135,33.7249809],[135.9840533,33.7249829],[135.9840574,33.7248629],[135.9840601,33.7247852],[135.9839858,33.7247809]]]}},{"type":"Feature","properties":{"kind":"numbered"},"geometry":{"type":"Polygon","coordinates":[[[135.983901,33.7249748],[135.9839012,33.7250125],[135.9839016,33.7250669],[135.9839947,33.7250725],[135.9839875,33.7249794],[135.983901,33.7249748]]]}},{"type":"Feature","properties":{"kind":"numbered"},"geometry":{"type":"Polygon","coordinates":[[[135.9839016,33.7250669],[135.9839012,33.7250125],[135.9838765,33.7250109],[135.9838916,33.7250664],[135.9839016,33.7250669]]]}},{"type":"Feature","properties":{"kind":"numbered"},"geometry":{"type":"Polygon","coordinates":[[[135.9840135,33.7249809],[135.9839875,33.7249794],[135.9839947,33.7250725],[135.984011,33.7250734],[135.9840135,33.7249809]]]}},{"type":"Feature","properties":{"kind":"numbered"},"geometry":{"type":"Polygon","coordinates":[[[135.9840949,33.7250784],[135.9840859,33.7250779],[135.984011,33.7250734],[135.9839947,33.7250725],[135.9839746,33.7253081],[135.9840761,33.7253199],[135.9840854,33.7252429],[135.984089,33.7251954],[135.9840949,33.7250784]]]}},{"type":"Feature","properties":{"kind":"numbered"},"geometry":{"type":"Polygon","coordinates":[[[135.9843532,33.7255429],[135.984369,33.7254623],[135.9842837,33.7254514],[135.9841023,33.7254281],[135.9840636,33.7254232],[135.9839659,33.7254109],[135.9839746,33.7253081],[135.9839947,33.7250725],[135.9839016,33.7250669],[135.9838916,33.7250664],[135.9839119,33.7251437],[135.9839181,33.7251824],[135.9839168,33.7252531],[135.9839097,33.7253432],[135.9838921,33.7254048],[135.983885,33.7254556],[135.9838634,33.7255267],[135.983973,33.7254922],[135.9840917,33.7255085],[135.9841127,33.7255116],[135.9843532,33.7255429]]]}},{"type":"Feature","properties":{"kind":"numbered"},"geometry":{"type":"Polygon","coordinates":[[[135.9840761,33.7253199],[135.9840636,33.7254232],[135.9841023,33.7254281],[135.9841215,33.725261],[135.9841413,33.7252473],[135.9840854,33.7252429],[135.9840761,33.7253199]]]}},{"type":"Feature","properties":{"kind":"numbered"},"geometry":{"type":"Polygon","coordinates":[[[135.9840636,33.7254232],[135.9840761,33.7253199],[135.9839746,33.7253081],[135.9839659,33.7254109],[135.9840636,33.7254232]]]}},{"type":"Feature","properties":{"kind":"numbered"},"geometry":{"type":"Polygon","coordinates":[[[135.9840653,33.7255751],[135.9840917,33.7255085],[135.983973,33.7254922],[135.9838634,33.7255267],[135.9838508,33.7255672],[135.9838378,33.7255959],[135.9839354,33.7256075],[135.9839546,33.7255463],[135.9840653,33.7255751]]]}},{"type":"Feature","properties":{"kind":"water"},"geometry":{"type":"Polygon","coordinates":[[[135.9841961,33.7242863],[135.9842037,33.7243037],[135.9842041,33.724323],[135.9842099,33.7243225],[135.984217,33.7243517],[135.9842095,33.7243526],[135.9842119,33.7243612],[135.9841792,33.7243634],[135.9841027,33.7243929],[135.9840638,33.7244003],[135.9840414,33.7243985],[135.9839784,33.724383],[135.9839338,33.7243792],[135.9838926,33.7243826],[135.9838558,33.7243914],[135.9838652,33.7243947],[135.9839506,33.7243892],[135.9839738,33.7243929],[135.9840194,33.7244032],[135.984072,33.7244076],[135.984122,33.724402],[135.9841568,33.724386],[135.9841806,33.7243811],[135.9842128,33.7243846],[135.9842522,33.72457],[135.9842801,33.7246925],[135.9842911,33.7247377],[135.9843102,33.7248],[135.9843219,33.7248322],[135.9843471,33.7248999],[135.9843842,33.7250007],[135.9843926,33.7250558],[135.9843952,33.7250968],[135.9844062,33.7251864],[135.9844065,33.7252135],[135.9843948,33.7252857],[135.9843832,33.7253584],[135.984369,33.7254623],[135.9843532,33.7255429],[135.9843381,33.725625],[135.9843356,33.7256362],[135.9843351,33.7256439],[135.9843369,33.7256873],[135.9843392,33.725724],[135.9843392,33.7257393],[135.9843365,33.7257626],[135.9843598,33.725761],[135.9843612,33.7256191],[135.9843768,33.7255178],[135.9844059,33.7253939],[135.9844112,33.7253454],[135.9844135,33.7252896],[135.9844226,33.7252457],[135.9844268,33.725195],[135.9844145,33.7250669],[135.9844057,33.7250312],[135.984379,33.724947],[135.9843452,33.7248634],[135.9843123,33.7247551],[135.9842893,33.7246799],[135.9842731,33.7246017],[135.9842567,33.7245412],[135.9842289,33.7243803],[135.9842406,33.7243773],[135.9842476,33.7243755],[135.9842683,33.7243745],[135.9842725,33.7243755],[135.9843523,33.724394],[135.9844458,33.7244083],[135.9845005,33.7244137],[135.9845714,33.7244112],[135.9845977,33.7244038],[135.984715,33.7243876],[135.9848642,33.7243816],[135.9849993,33.7243702],[135.9850343,33.7243653],[135.9850882,33.7243629],[135.985122,33.7243554],[135.9851449,33.7243481],[135.9851669,33.7243443],[135.9851916,33.7243454],[135.985301,33.7243538],[135.9853581,33.7243584],[135.9853918,33.7243659],[135.9854072,33.7243726],[135.985413,33.7244652],[135.9854143,33.7244917],[135.9854151,33.7245107],[135.9854161,33.7245299],[135.9854244,33.7245799],[135.9854283,33.724597],[135.9854347,33.7246659],[135.9854399,33.7246936],[135.9854388,33.7247116],[135.9854331,33.7247404],[135.9854304,33.7248209],[135.9854353,33.7249057],[135.985467,33.7250181],[135.9854838,33.7250548],[135.9855026,33.7250845],[135.9855272,33.7251138],[135.9856626,33.725258],[135.98582,33.7254346],[135.98591,33.7255844],[135.9859065,33.7255849],[135.9859361,33.7256598],[135.9859674,33.7256572],[135.9859407,33.725588],[135.9858775,33.7254721],[135.9857303,33.7252898],[135.9856577,33.7252122],[135.9856194,33.7251663],[135.9855747,33.7251215],[135.9855317,33.7250669],[135.9855172,33.7250411],[135.9854934,33.7249755],[135.9854793,33.724927],[135.9854752,33.7247929],[135.9854779,33.7247221],[135.9854646,33.7245502],[135.9854589,33.7244999],[135.9854502,33.7244697],[135.9854386,33.7244049],[135.98544,33.724342],[135.9854316,33.724331],[135.9853697,33.7243245],[135.9851781,33.7243124],[135.9851436,33.724316],[135.9850656,33.7243329],[135.9850295,33.7243363],[135.9849963,33.7243425],[135.9847269,33.7243584],[135.9846153,33.7243786],[135.9845786,33.7243895],[135.9845526,33.7243924],[135.9844539,33.724382],[135.9844152,33.724382],[135.984369,33.7243744],[135.9842952,33.7243567],[135.9842748,33.7243543],[135.9842663,33.7243462],[135.9842596,33.7243158],[135.9842554,33.724304],[135.9842573,33.7242897],[135.9841961,33.7242863]]]}},{"type":"Feature","properties":{"kind":"numbered"},"geometry":{"type":"Polygon","coordinates":[[[135.9859065,33.7255849],[135.98591,33.7255844],[135.98582,33.7254346],[135.9856626,33.725258],[135.9855272,33.7251138],[135.9855026,33.7250845],[135.9854838,33.7250548],[135.985467,33.7250181],[135.9854353,33.7249057],[135.9854304,33.7248209],[135.9854331,33.7247404],[135.9854388,33.7247116],[135.9853221,33.7247138],[135.9852061,33.7247162],[135.985206,33.7245453],[135.9851617,33.7245496],[135.9850722,33.7245583],[135.9850492,33.7244572],[135.9850343,33.7243653],[135.9849993,33.7243702],[135.9848642,33.7243816],[135.984715,33.7243876],[135.9845977,33.7244038],[135.9845714,33.7244112],[135.9845005,33.7244137],[135.9844458,33.7244083],[135.9843523,33.724394],[135.9842725,33.7243755],[135.9843123,33.7247551],[135.9843452,33.7248634],[135.984379,33.724947],[135.9844057,33.7250312],[135.9844145,33.7250669],[135.9844291,33.7250901],[135.984431,33.7251009],[135.9844666,33.7251106],[135.984511,33.7251076],[135.9845468,33.7251102],[135.9846156,33.7251212],[135.9846489,33.7251347],[135.9846656,33.7251461],[135.9846988,33.725179],[135.9847132,33.7251993],[135.9847215,33.7252207],[135.9847082,33.7253139],[135.9847113,33.7253432],[135.9847098,33.7253899],[135.9847184,33.7255095],[135.9847417,33.7256182],[135.9849153,33.7256241],[135.9849264,33.7256813],[135.9850131,33.7256753],[135.9852399,33.7256557],[135.9859065,33.7255849]]]}},{"type":"Feature","properties":{"kind":"numbered"},"geometry":{"type":"Polygon","coordinates":[[[135.9841926,33.7250844],[135.984188,33.7252017],[135.9843865,33.7252154],[135.9844065,33.7252135],[135.9844062,33.7251864],[135.9843952,33.7250968],[135.9842661,33.7250888],[135.9842061,33.7250852],[135.9841926,33.7250844]]]}},{"type":"Feature","properties":{"kind":"numbered"},"geometry":{"type":"Polygon","coordinates":[[[135.9844065,33.7252135],[135.9843865,33.7252154],[135.984188,33.7252017],[135.9841522,33.7251994],[135.984089,33.7251954],[135.9840854,33.7252429],[135.9841413,33.7252473],[135.9843041,33.7252585],[135.984374,33.7252635],[135.9843948,33.7252857],[135.9844065,33.7252135]]]}},{"type":"Feature","properties":{"kind":"numbered"},"geometry":{"type":"Polygon","coordinates":[[[135.9844319,33.7252954],[135.9846892,33.7253076],[135.9846915,33.7252887],[135.9846859,33.7252215],[135.9846751,33.7251945],[135.9846602,33.725172],[135.9846496,33.7251622],[135.9846147,33.7251473],[135.9844874,33.7251312],[135.9844537,33.7251317],[135.9844377,33.7251351],[135.9844387,33.7251766],[135.9844319,33.7252954]]]}},{"type":"Feature","properties":{"kind":"numbered"},"geometry":{"type":"Polygon","coordinates":[[[135.9841023,33.7254281],[135.9842837,33.7254514],[135.9843041,33.7252585],[135.9841413,33.7252473],[135.9841215,33.725261],[135.9841023,33.7254281]]]}},{"type":"Feature","properties":{"kind":"numbered"},"geometry":{"type":"Polygon","coordinates":[[[135.9843948,33.7252857],[135.984374,33.7252635],[135.9843041,33.7252585],[135.9842837,33.7254514],[135.984369,33.7254623],[135.9843832,33.7253584],[135.9843948,33.7252857]]]}},{"type":"Feature","properties":{"kind":"numbered"},"geometry":{"type":"Polygon","coordinates":[[[135.9846892,33.7253076],[135.9844319,33.7252954],[135.9844193,33.7253624],[135.9845571,33.7253682],[135.9846841,33.7253735],[135.984683,33.7253338],[135.9846892,33.7253076]]]}},{"type":"Feature","properties":{"kind":"strip"},"geometry":{"type":"Polygon","coordinates":[[[135.9846892,33.7253076],[135.984683,33.7253338],[135.9846841,33.7253735],[135.9846939,33.7255308],[135.9846941,33.7255498],[135.9847016,33.7255855],[135.9847119,33.7256197],[135.9847417,33.7256182],[135.9847184,33.7255095],[135.9847098,33.7253899],[135.9847113,33.7253432],[135.9847082,33.7253139],[135.9847215,33.7252207],[135.9847132,33.7251993],[135.9846988,33.725179],[135.9846656,33.7251461],[135.9846489,33.7251347],[135.9846156,33.7251212],[135.9845468,33.7251102],[135.984511,33.7251076],[135.9844666,33.7251106],[135.984431,33.7251009],[135.9844377,33.7251351],[135.9844537,33.7251317],[135.9844874,33.7251312],[135.9846147,33.7251473],[135.9846496,33.7251622],[135.9846602,33.725172],[135.9846751,33.7251945],[135.9846859,33.7252215],[135.9846915,33.7252887],[135.9846892,33.7253076]]]}},{"type":"Feature","properties":{"kind":"numbered"},"geometry":{"type":"Polygon","coordinates":[[[135.9843872,33.7255324],[135.9845523,33.7255314],[135.9845571,33.7253682],[135.9844193,33.7253624],[135.984408,33.7254443],[135.9843872,33.7255324]]]}},{"type":"Feature","properties":{"kind":"numbered"},"geometry":{"type":"Polygon","coordinates":[[[135.9860413,33.7240464],[135.9859297,33.7240479],[135.9859334,33.7240963],[135.9859553,33.7244004],[135.9860633,33.7243927],[135.9860538,33.7242491],[135.986053,33.7242372],[135.9860413,33.7240464]]]}},{"type":"Feature","properties":{"kind":"numbered"},"geometry":{"type":"Polygon","coordinates":[[[135.9861159,33.7243889],[135.9861051,33.7242756],[135.9861024,33.7242498],[135.9860538,33.7242491],[135.9860633,33.7243927],[135.9861159,33.7243889]]]}},{"type":"Feature","properties":{"kind":"numbered"},"geometry":{"type":"Polygon","coordinates":[[[135.986265,33.7242718],[135.9862675,33.724378],[135.9863116,33.7243749],[135.9863053,33.724233],[135.986053,33.7242372],[135.9860538,33.7242491],[135.9861024,33.7242498],[135.9861051,33.7242756],[135.9861579,33.7242743],[135.986265,33.7242718]]]}},{"type":"Feature","properties":{"kind":"numbered"},"geometry":{"type":"Polygon","coordinates":[[[135.9861655,33.7243854],[135.9861579,33.7242743],[135.9861051,33.7242756],[135.9861159,33.7243889],[135.9861655,33.7243854]]]}},{"type":"Feature","properties":{"kind":"numbered"},"geometry":{"type":"Polygon","coordinates":[[[135.9862675,33.724378],[135.986265,33.7242718],[135.9861579,33.7242743],[135.9861655,33.7243854],[135.9862675,33.724378]]]}},{"type":"Feature","properties":{"kind":"numbered"},"geometry":{"type":"Polygon","coordinates":[[[135.9861609,33.7244477],[135.9861288,33.7244504],[135.9861421,33.7245393],[135.9861705,33.7245378],[135.9861609,33.7244477]]]}},{"type":"Feature","properties":{"kind":"numbered"},"geometry":{"type":"Polygon","coordinates":[[[135.9861705,33.7245378],[135.9862431,33.7245327],[135.9862385,33.7244411],[135.9861609,33.7244477],[135.9861705,33.7245378]]]}},{"type":"Feature","properties":{"kind":"numbered"},"geometry":{"type":"Polygon","coordinates":[[[135.9860181,33.7244599],[135.9860316,33.7245502],[135.9860329,33.7245578],[135.986037,33.7245824],[135.9861157,33.7245853],[135.9861081,33.7244522],[135.9860181,33.7244599]]]}},{"type":"Feature","properties":{"kind":"numbered"},"geometry":{"type":"Polygon","coordinates":[[[135.9862385,33.7244411],[135.9862431,33.7245327],[135.9862802,33.7245296],[135.9862751,33.724438],[135.9862385,33.7244411]]]}},{"type":"Feature","properties":{"kind":"numbered"},"geometry":{"type":"Polygon","coordinates":[[[135.9862751,33.724438],[135.9862802,33.7245296],[135.9863199,33.7245264],[135.9863195,33.7244342],[135.9862751,33.724438]]]}},{"type":"Feature","properties":{"kind":"numbered"},"geometry":{"type":"Polygon","coordinates":[[[135.9861453,33.7245629],[135.9861737,33.7245608],[135.9861705,33.7245378],[135.9861421,33.7245393],[135.9861453,33.7245629]]]}},{"type":"Feature","properties":{"kind":"numbered"},"geometry":{"type":"Polygon","coordinates":[[[135.9862431,33.7245327],[135.9861705,33.7245378],[135.9861737,33.7245608],[135.9863169,33.7245501],[135.9863199,33.7245264],[135.9862802,33.7245296],[135.9862431,33.7245327]]]}},{"type":"Feature","properties":{"kind":"numbered"},"geometry":{"type":"Polygon","coordinates":[[[135.9861737,33.7245608],[135.9861453,33.7245629],[135.9861483,33.7245853],[135.9861767,33.7245826],[135.9861737,33.7245608]]]}},{"type":"Feature","properties":{"kind":"numbered"},"geometry":{"type":"Polygon","coordinates":[[[135.9861157,33.7245853],[135.9861141,33.7246486],[135.9861135,33.7246946],[135.9861132,33.7247032],[135.986098,33.7247049],[135.9861688,33.724715],[135.9861669,33.7247024],[135.9861572,33.7246423],[135.9861483,33.7245853],[135.9861453,33.7245629],[135.9861421,33.7245393],[135.9861288,33.7244504],[135.9861081,33.7244522],[135.9861157,33.7245853]]]}},{"type":"Feature","properties":{"kind":"numbered"},"geometry":{"type":"Polygon","coordinates":[[[135.9863143,33.7245698],[135.9863169,33.7245501],[135.9861737,33.7245608],[135.9861767,33.7245826],[135.9863143,33.7245698]]]}},{"type":"Feature","properties":{"kind":"numbered"},"geometry":{"type":"Polygon","coordinates":[[[135.9862908,33.7246319],[135.9862879,33.7245945],[135.9863143,33.7245698],[135.9861767,33.7245826],[135.9861483,33.7245853],[135.9861572,33.7246423],[135.9862908,33.7246319]]]}},{"type":"Feature","properties":{"kind":"numbered"},"geometry":{"type":"Polygon","coordinates":[[[135.9862976,33.724703],[135.9862908,33.7246319],[135.9861572,33.7246423],[135.9861669,33.7247024],[135.9862976,33.724703]]]}},{"type":"Feature","properties":{"kind":"numbered"},"geometry":{"type":"Polygon","coordinates":[[[135.986303,33.7248083],[135.9862976,33.724703],[135.9861669,33.7247024],[135.9861688,33.724715],[135.9861725,33.7247376],[135.9861819,33.7247949],[135.9862797,33.7248057],[135.986303,33.7248083]]]}},{"type":"Feature","properties":{"kind":"numbered"},"geometry":{"type":"Polygon","coordinates":[[[135.9858356,33.7252202],[135.9857561,33.725244],[135.9857849,33.7252902],[135.9859221,33.725241],[135.9859045,33.7251996],[135.9858944,33.7252024],[135.9858356,33.7252202]]]}},{"type":"Feature","properties":{"kind":"numbered"},"geometry":{"type":"Polygon","coordinates":[[[135.9859221,33.725241],[135.985938,33.7252784],[135.9859904,33.725263],[135.9860204,33.7252541],[135.9859873,33.725174],[135.9859045,33.7251996],[135.9859221,33.725241]]]}},{"type":"Feature","properties":{"kind":"numbered"},"geometry":{"type":"Polygon","coordinates":[[[135.985938,33.7252784],[135.9859221,33.725241],[135.9857849,33.7252902],[135.9857866,33.7253046],[135.9857991,33.7253192],[135.985938,33.7252784]]]}},{"type":"Feature","properties":{"kind":"numbered"},"geometry":{"type":"Polygon","coordinates":[[[135.9858452,33.725382],[135.986026,33.7253386],[135.9859904,33.725263],[135.985938,33.7252784],[135.9857991,33.7253192],[135.9858452,33.725382]]]}},{"type":"Feature","properties":{"kind":"numbered"},"geometry":{"type":"Polygon","coordinates":[[[135.9861238,33.7253404],[135.9861096,33.7252279],[135.9860204,33.7252541],[135.9859904,33.725263],[135.986026,33.7253386],[135.9860359,33.7253595],[135.9861238,33.7253404]]]}},{"type":"Feature","properties":{"kind":"numbered"},"geometry":{"type":"Polygon","coordinates":[[[135.9858989,33.7254459],[135.9860545,33.725402],[135.9860359,33.7253595],[135.986026,33.7253386],[135.9858452,33.725382],[135.9858554,33.725396],[135.9858989,33.7254459]]]}},{"type":"Feature","properties":{"kind":"numbered"},"geometry":{"type":"Polygon","coordinates":[[[135.9861352,33.7254304],[135.9861238,33.7253404],[135.9860359,33.7253595],[135.9860545,33.725402],[135.9858989,33.7254459],[135.9859175,33.7254671],[135.9859297,33.7254881],[135.9859817,33.7255712],[135.9861483,33.7255336],[135.9861352,33.7254304]]]}},{"type":"Feature","properties":{"kind":"numbered"},"geometry":{"type":"Polygon","coordinates":[[[135.9861569,33.7255887],[135.9861483,33.7255336],[135.9859817,33.7255712],[135.9860027,33.7256045],[135.9861569,33.7255887]]]}},{"type":"Feature","properties":{"kind":"numbered"},"geometry":{"type":"Polygon","coordinates":[[[135.9862833,33.7248443],[135.9862797,33.7248057],[135.9861819,33.7247949],[135.9861912,33.7248529],[135.9862182,33.7248504],[135.9862833,33.7248443]]]}},{"type":"Feature","properties":{"kind":"numbered"},"geometry":{"type":"Polygon","coordinates":[[[135.9861843,33.7249153],[135.9861838,33.7249077],[135.9862211,33.7249059],[135.9862182,33.7248504],[135.9861912,33.7248529],[135.9861135,33.7248682],[135.986122,33.7249222],[135.9861567,33.7249185],[135.9861843,33.7249153]]]}},{"type":"Feature","properties":{"kind":"numbered"},"geometry":{"type":"Polygon","coordinates":[[[135.9861838,33.7249077],[135.9861843,33.7249153],[135.9861567,33.7249185],[135.9861672,33.7249903],[135.9862248,33.7249939],[135.9862211,33.7249059],[135.9861838,33.7249077]]]}},{"type":"Feature","properties":{"kind":"numbered"},"geometry":{"type":"Polygon","coordinates":[[[135.985521,33.7249247],[135.9855269,33.724927],[135.985583,33.7249262],[135.9855821,33.7249106],[135.9856263,33.7249107],[135.9856269,33.7249254],[135.985676,33.7249245],[135.985669,33.7248763],[135.9855184,33.7248754],[135.985521,33.7249247]]]}},{"type":"Feature","properties":{"kind":"road"},"geometry":{"type":"Polygon","coordinates":[[[135.9855029,33.7243657],[135.9854992,33.724322],[135.9854727,33.7242865],[135.9854421,33.7242867],[135.9852433,33.7242753],[135.9851663,33.7242698],[135.9851392,33.7242741],[135.9851266,33.724283],[135.9850898,33.7242911],[135.9850286,33.7243016],[135.9846566,33.7243374],[135.9845147,33.7243558],[135.9844753,33.7243555],[135.9843877,33.7243385],[135.9842947,33.7243238],[135.9842596,33.7243158],[135.9842663,33.7243462],[135.9842748,33.7243543],[135.9842952,33.7243567],[135.984369,33.7243744],[135.9844152,33.724382],[135.9844539,33.724382],[135.9845526,33.7243924],[135.9845786,33.7243895],[135.9846153,33.7243786],[135.9847269,33.7243584],[135.9849963,33.7243425],[135.9850295,33.7243363],[135.9850656,33.7243329],[135.9851436,33.724316],[135.9851781,33.7243124],[135.9853697,33.7243245],[135.9854316,33.724331],[135.98544,33.724342],[135.9854386,33.7244049],[135.9854502,33.7244697],[135.9854589,33.7244999],[135.9854646,33.7245502],[135.9854779,33.7247221],[135.9854752,33.7247929],[135.9854793,33.724927],[135.9854934,33.7249755],[135.9855172,33.7250411],[135.9855317,33.7250669],[135.9855747,33.7251215],[135.9856194,33.7251663],[135.9856577,33.7252122],[135.9857303,33.7252898],[135.9858775,33.7254721],[135.9859407,33.725588],[135.9859674,33.7256572],[135.986021,33.7256529],[135.9862084,33.7256373],[135.9862062,33.7255836],[135.9861569,33.7255887],[135.9860027,33.7256045],[135.9859817,33.7255712],[135.9859297,33.7254881],[135.9859175,33.7254671],[135.9858989,33.7254459],[135.9858554,33.725396],[135.9858452,33.725382],[135.9857991,33.7253192],[135.9857866,33.7253046],[135.985742,33.7252568],[135.9857058,33.7252065],[135.9856175,33.7251065],[135.9855857,33.7250701],[135.9855685,33.7250462],[135.9855328,33.724963],[135.985521,33.7249247],[135.9855184,33.7248754],[135.9855202,33.7247769],[135.9855207,33.7247487],[135.9855217,33.7247024],[135.9855184,33.7246599],[135.9855125,33.7245875],[135.9855051,33.7245151],[135.9855063,33.7245017],[135.9855675,33.7244971],[135.9856165,33.7244934],[135.9857072,33.7244859],[135.9858514,33.7244741],[135.9859156,33.7244686],[135.9859308,33.7244673],[135.9860181,33.7244599],[135.9861081,33.7244522],[135.9861288,33.7244504],[135.9861609,33.7244477],[135.9862385,33.7244411],[135.9862751,33.724438],[135.9863195,33.7244342],[135.9863324,33.7244329],[135.9863469,33.7243724],[135.9863116,33.7243749],[135.9862675,33.724378],[135.9861655,33.7243854],[135.9861159,33.7243889],[135.9860633,33.7243927],[135.9859553,33.7244004],[135.9857972,33.7244118],[135.9855093,33.7244324],[135.9855029,33.7243657]]]}},{"type":"Feature","properties":{"kind":"numbered"},"geometry":{"type":"Polygon","coordinates":[[[135.9856269,33.7249254],[135.9856263,33.7249107],[135.9855821,33.7249106],[135.985583,33.7249262],[135.9856269,33.7249254]]]}},{"type":"Feature","properties":{"kind":"numbered"},"geometry":{"type":"Polygon","coordinates":[[[135.985669,33.7248763],[135.985676,33.7249245],[135.9856822,33.7249654],[135.9857351,33.7249646],[135.9857404,33.7249646],[135.9857327,33.7248767],[135.9857009,33.7248765],[135.985669,33.7248763]]]}},{"type":"Feature","properties":{"kind":"numbered"},"geometry":{"type":"Polygon","coordinates":[[[135.985583,33.7249262],[135.9855269,33.724927],[135.9855414,33.7249378],[135.9855668,33.7249665],[135.9856274,33.7249661],[135.9856822,33.7249654],[135.985676,33.7249245],[135.9856269,33.7249254],[135.985583,33.7249262]]]}},{"type":"Feature","properties":{"kind":"numbered"},"geometry":{"type":"Polygon","coordinates":[[[135.9855269,33.724927],[135.985521,33.7249247],[135.9855328,33.724963],[135.985588,33.7249964],[135.9855668,33.7249665],[135.9855414,33.7249378],[135.9855269,33.724927]]]}},{"type":"Feature","properties":{"kind":"numbered"},"geometry":{"type":"Polygon","coordinates":[[[135.9857404,33.7249646],[135.9857791,33.724964],[135.9858021,33.7249637],[135.9857933,33.724877],[135.9857327,33.7248767],[135.9857404,33.7249646]]]}},{"type":"Feature","properties":{"kind":"numbered"},"geometry":{"type":"Polygon","coordinates":[[[135.98585,33.7248838],[135.9858053,33.7248776],[135.9857933,33.724877],[135.9858021,33.7249637],[135.9858323,33.7249632],[135.9858566,33.7249629],[135.98585,33.7248838]]]}},{"type":"Feature","properties":{"kind":"numbered"},"geometry":{"type":"Polygon","coordinates":[[[135.9858792,33.7248877],[135.98585,33.7248838],[135.9858566,33.7249629],[135.9858721,33.7249627],[135.9858841,33.7249625],[135.9858792,33.7248877]]]}},{"type":"Feature","properties":{"kind":"numbered"},"geometry":{"type":"Polygon","coordinates":[[[135.985588,33.7249964],[135.9855942,33.7250045],[135.9856365,33.7249817],[135.9856274,33.7249661],[135.9855668,33.7249665],[135.985588,33.7249964]]]}},{"type":"Feature","properties":{"kind":"numbered"},"geometry":{"type":"Polygon","coordinates":[[[135.9859072,33.7248919],[135.9858792,33.7248877],[135.9858841,33.7249625],[135.985914,33.7249621],[135.9859072,33.7248919]]]}},{"type":"Feature","properties":{"kind":"numbered"},"geometry":{"type":"Polygon","coordinates":[[[135.9860148,33.7249368],[135.9860081,33.7248896],[135.9859617,33.724899],[135.9859072,33.7248919],[135.985914,33.7249621],[135.9860148,33.7249368]]]}},{"type":"Feature","properties":{"kind":"numbered"},"geometry":{"type":"Polygon","coordinates":[[[135.9860652,33.7248781],[135.9860081,33.7248896],[135.9860148,33.7249368],[135.9860334,33.7249322],[135.9860732,33.7249273],[135.986122,33.7249222],[135.9861135,33.7248682],[135.9860652,33.7248781]]]}},{"type":"Feature","properties":{"kind":"numbered"},"geometry":{"type":"Polygon","coordinates":[[[135.9855942,33.7250045],[135.9856276,33.7250498],[135.9857379,33.7249935],[135.9857351,33.7249646],[135.9856822,33.7249654],[135.9856274,33.7249661],[135.9856365,33.7249817],[135.9855942,33.7250045]]]}},{"type":"Feature","properties":{"kind":"numbered"},"geometry":{"type":"Polygon","coordinates":[[[135.985588,33.7249964],[135.9855328,33.724963],[135.9855685,33.7250462],[135.9855857,33.7250701],[135.9856175,33.7251065],[135.9856612,33.7250959],[135.9856276,33.7250498],[135.9855942,33.7250045],[135.985588,33.7249964]]]}},{"type":"Feature","properties":{"kind":"numbered"},"geometry":{"type":"Polygon","coordinates":[[[135.9857791,33.724964],[135.9857404,33.7249646],[135.9857351,33.7249646],[135.9857379,33.7249935],[135.9857444,33.7250754],[135.9857899,33.7250642],[135.9857791,33.724964]]]}},{"type":"Feature","properties":{"kind":"numbered"},"geometry":{"type":"Polygon","coordinates":[[[135.9858021,33.7249637],[135.9857791,33.724964],[135.9857899,33.7250642],[135.9858061,33.7250603],[135.9858394,33.7250522],[135.9858323,33.7249632],[135.9858021,33.7249637]]]}},{"type":"Feature","properties":{"kind":"numbered"},"geometry":{"type":"Polygon","coordinates":[[[135.9858566,33.7249629],[135.9858323,33.7249632],[135.9858394,33.7250522],[135.9858717,33.7250442],[135.9858797,33.7250422],[135.9858721,33.7249627],[135.9858566,33.7249629]]]}},{"type":"Feature","properties":{"kind":"numbered"},"geometry":{"type":"Polygon","coordinates":[[[135.9859397,33.7250078],[135.9859403,33.7250274],[135.9860396,33.725003],[135.9860334,33.7249322],[135.9860148,33.7249368],[135.985914,33.7249621],[135.9859209,33.725007],[135.9859397,33.7250078]]]}},{"type":"Feature","properties":{"kind":"numbered"},"geometry":{"type":"Polygon","coordinates":[[[135.9859403,33.7250274],[135.9859397,33.7250078],[135.9859209,33.725007],[135.985914,33.7249621],[135.9858841,33.7249625],[135.9858721,33.7249627],[135.9858797,33.7250422],[135.9859403,33.7250274]]]}},{"type":"Feature","properties":{"kind":"numbered"},"geometry":{"type":"Polygon","coordinates":[[[135.9861672,33.7249903],[135.9861567,33.7249185],[135.986122,33.7249222],[135.9860732,33.7249273],[135.9860801,33.7249849],[135.9861672,33.7249903]]]}},{"type":"Feature","properties":{"kind":"numbered"},"geometry":{"type":"Polygon","coordinates":[[[135.9856276,33.7250498],[135.9856612,33.7250959],[135.9857309,33.7250787],[135.9857444,33.7250754],[135.9857379,33.7249935],[135.9856276,33.7250498]]]}},{"type":"Feature","properties":{"kind":"numbered"},"geometry":{"type":"Polygon","coordinates":[[[135.9857516,33.7251068],[135.9857309,33.7250787],[135.9856612,33.7250959],[135.9856932,33.725139],[135.9857516,33.7251068]]]}},{"type":"Feature","properties":{"kind":"numbered"},"geometry":{"type":"Polygon","coordinates":[[[135.9859873,33.725174],[135.9860989,33.7251403],[135.9860801,33.7249849],[135.9860732,33.7249273],[135.9860334,33.7249322],[135.9860396,33.725003],[135.9859403,33.7250274],[135.9858797,33.7250422],[135.9858717,33.7250442],[135.9859873,33.725174]]]}},{"type":"Feature","properties":{"kind":"numbered"},"geometry":{"type":"Polygon","coordinates":[[[135.9857272,33.7251955],[135.9857838,33.7251506],[135.9857516,33.7251068],[135.9856932,33.725139],[135.9857272,33.7251955]]]}},{"type":"Feature","properties":{"kind":"numbered"},"geometry":{"type":"Polygon","coordinates":[[[135.9858061,33.7250603],[135.9858944,33.7252024],[135.9859045,33.7251996],[135.9859873,33.725174],[135.9858717,33.7250442],[135.9858394,33.7250522],[135.9858061,33.7250603]]]}},{"type":"Feature","properties":{"kind":"numbered"},"geometry":{"type":"Polygon","coordinates":[[[135.9857838,33.7251506],[135.9858356,33.7252202],[135.9858944,33.7252024],[135.9858061,33.7250603],[135.9857899,33.7250642],[135.9857444,33.7250754],[135.9857309,33.7250787],[135.9857516,33.7251068],[135.9857838,33.7251506]]]}},{"type":"Feature","properties":{"kind":"numbered"},"geometry":{"type":"Polygon","coordinates":[[[135.9857561,33.725244],[135.9857272,33.7251955],[135.9856932,33.725139],[135.9856612,33.7250959],[135.9856175,33.7251065],[135.9857058,33.7252065],[135.985742,33.7252568],[135.9857866,33.7253046],[135.9857849,33.7252902],[135.9857561,33.725244]]]}},{"type":"Feature","properties":{"kind":"numbered"},"geometry":{"type":"Polygon","coordinates":[[[135.9857838,33.7251506],[135.9857272,33.7251955],[135.9857561,33.725244],[135.9858356,33.7252202],[135.9857838,33.7251506]]]}},{"type":"Feature","properties":{"kind":"numbered"},"geometry":{"type":"Polygon","coordinates":[[[135.9861096,33.7252279],[135.9860989,33.7251403],[135.9859873,33.725174],[135.9860204,33.7252541],[135.9861096,33.7252279]]]}},{"type":"Feature","properties":{"kind":"numbered"},"geometry":{"type":"Polygon","coordinates":[[[135.9846939,33.7255308],[135.9846841,33.7253735],[135.9845571,33.7253682],[135.9845523,33.7255314],[135.9846939,33.7255308]]]}},{"type":"Feature","properties":{"kind":"road"},"geometry":{"type":"Polygon","coordinates":[[[135.9849995,33.7257237],[135.9850561,33.7257352],[135.9855979,33.7256876],[135.9859361,33.7256598],[135.9859065,33.7255849],[135.9852399,33.7256557],[135.9850131,33.7256753],[135.9849264,33.7256813],[135.9847668,33.7256924],[135.9847348,33.7256945],[135.9843774,33.7257217],[135.9843707,33.725696],[135.9843689,33.7256578],[135.9843689,33.7256346],[135.9843739,33.7255971],[135.9843872,33.7255324],[135.984408,33.7254443],[135.9844193,33.7253624],[135.9844319,33.7252954],[135.9844387,33.7251766],[135.9844377,33.7251351],[135.984431,33.7251009],[135.9844291,33.7250901],[135.9844145,33.7250669],[135.9844268,33.725195],[135.9844226,33.7252457],[135.9844135,33.7252896],[135.9844112,33.7253454],[135.9844059,33.7253939],[135.9843768,33.7255178],[135.9843612,33.7256191],[135.9843598,33.725761],[135.9845393,33.7257505],[135.9847357,33.7257391],[135.9847511,33.7257379],[135.9848143,33.7257342],[135.9849995,33.7257237]]]}},{"type":"Feature","properties":{"kind":"numbered"},"geometry":{"type":"Polygon","coordinates":[[[135.9843532,33.7255429],[135.9841127,33.7255116],[135.9840991,33.7256033],[135.9843381,33.725625],[135.9843532,33.7255429]]]}},{"type":"Feature","properties":{"kind":"numbered"},"geometry":{"type":"Polygon","coordinates":[[[135.9843872,33.7255324],[135.9843739,33.7255971],[135.9844269,33.7255951],[135.9847016,33.7255855],[135.9846941,33.7255498],[135.9846939,33.7255308],[135.9845523,33.7255314],[135.9843872,33.7255324]]]}},{"type":"Feature","properties":{"kind":"numbered"},"geometry":{"type":"Polygon","coordinates":[[[135.9843689,33.7256578],[135.9844366,33.7256553],[135.9844269,33.7255951],[135.9843739,33.7255971],[135.9843689,33.7256346],[135.9843689,33.7256578]]]}},{"type":"Feature","properties":{"kind":"numbered"},"geometry":{"type":"Polygon","coordinates":[[[135.9847119,33.7256197],[135.9847016,33.7255855],[135.9844269,33.7255951],[135.9844366,33.7256553],[135.9847196,33.7256447],[135.9847119,33.7256197]]]}},{"type":"Feature","properties":{"kind":"numbered"},"geometry":{"type":"Polygon","coordinates":[[[135.9844366,33.7256553],[135.9843689,33.7256578],[135.9843707,33.725696],[135.9843774,33.7257217],[135.9847348,33.7256945],[135.9847196,33.7256447],[135.9844366,33.7256553]]]}},{"type":"Feature","properties":{"kind":"numbered"},"geometry":{"type":"Polygon","coordinates":[[[135.9847668,33.7256924],[135.9847417,33.7256182],[135.9847119,33.7256197],[135.9847196,33.7256447],[135.9847348,33.7256945],[135.9847668,33.7256924]]]}},{"type":"Feature","properties":{"kind":"numbered"},"geometry":{"type":"Polygon","coordinates":[[[135.9847417,33.7256182],[135.9847668,33.7256924],[135.9849264,33.7256813],[135.9849153,33.7256241],[135.9847417,33.7256182]]]}},{"type":"Feature","properties":{"kind":"numbered"},"geometry":{"type":"Polygon","coordinates":[[[135.9845126,33.72585],[135.9845437,33.7258472],[135.9845393,33.7257505],[135.9843598,33.725761],[135.9843333,33.7258191],[135.9843166,33.7258772],[135.9843985,33.7258903],[135.9844076,33.7258591],[135.9845126,33.72585]]]}},{"type":"Feature","properties":{"kind":"numbered"},"geometry":{"type":"Polygon","coordinates":[[[135.9840917,33.7255085],[135.9840653,33.7255751],[135.9839546,33.7255463],[135.9839354,33.7256075],[135.9838378,33.7255959],[135.9838262,33.7256212],[135.983763,33.7257792],[135.9837592,33.7258006],[135.983757,33.7258322],[135.9837514,33.7258701],[135.9837579,33.7259144],[135.9837602,33.7259386],[135.9837595,33.7259537],[135.9837568,33.7259623],[135.9837441,33.7259831],[135.9837393,33.7259977],[135.9837339,33.7260071],[135.983703,33.7260431],[135.983687,33.7260784],[135.9836834,33.7260904],[135.9836821,33.7261042],[135.9836837,33.7261206],[135.9837194,33.7262595],[135.9837852,33.7262976],[135.983908,33.7263746],[135.9839167,33.726372],[135.9839783,33.7263782],[135.9839983,33.7263829],[135.9840165,33.7263889],[135.9840285,33.7263953],[135.9840346,33.7263901],[135.9840393,33.7263836],[135.9840582,33.7263441],[135.9840827,33.7262989],[135.9840969,33.7262779],[135.9841144,33.7262551],[135.9839122,33.726235],[135.9839224,33.7261374],[135.9841805,33.7261614],[135.9841912,33.726141],[135.9842287,33.7260525],[135.9842465,33.7260058],[135.9842749,33.7258959],[135.9842895,33.725866],[135.9842976,33.725826],[135.9843201,33.7257462],[135.9843301,33.7256982],[135.9843369,33.7256873],[135.9843351,33.7256439],[135.9843356,33.7256362],[135.9843381,33.725625],[135.9840991,33.7256033],[135.9841127,33.7255116],[135.9840917,33.7255085]]]}},{"type":"Feature","properties":{"kind":"road"},"geometry":{"type":"Polygon","coordinates":[[[135.9843365,33.7257626],[135.9843392,33.7257393],[135.9843392,33.725724],[135.9843369,33.7256873],[135.9843301,33.7256982],[135.9843201,33.7257462],[135.9842976,33.725826],[135.9842895,33.725866],[135.9842749,33.7258959],[135.9842465,33.7260058],[135.9842287,33.7260525],[135.9841912,33.726141],[135.9841805,33.7261614],[135.9841603,33.7262024],[135.9841144,33.7262551],[135.9840969,33.7262779],[135.9840827,33.7262989],[135.9840582,33.7263441],[135.9840393,33.7263836],[135.9840346,33.7263901],[135.9840285,33.7263953],[135.9840063,33.7264147],[135.9840132,33.7264147],[135.9840274,33.7264126],[135.9840418,33.7264032],[135.9840529,33.7263914],[135.984128,33.7262805],[135.9841527,33.7262399],[135.9841854,33.7261989],[135.9842096,33.7261596],[135.9842194,33.7261351],[135.9842659,33.7260006],[135.9842743,33.7259684],[135.9842899,33.7259211],[135.9842956,33.7258954],[135.9843165,33.7258396],[135.9843365,33.7257626]]]}},{"type":"Feature","properties":{"kind":"water"},"geometry":{"type":"Polygon","coordinates":[[[135.9835521,33.7262348],[135.9835519,33.7262373],[135.9835621,33.7262382],[135.9836173,33.7262353],[135.9836235,33.7262349],[135.9836408,33.7262372],[135.9836552,33.7262404],[135.9836694,33.726245],[135.9837191,33.7262697],[135.9837745,33.7263016],[135.9837982,33.7263157],[135.9838985,33.7263826],[135.9839154,33.7263926],[135.9839295,33.7263991],[135.9839671,33.7264114],[135.9839962,33.7264243],[135.9840072,33.7264276],[135.984014,33.7264288],[135.9840278,33.7264274],[135.984036,33.7264237],[135.9840478,33.7264156],[135.9840625,33.7264023],[135.9840717,33.7263942],[135.9840822,33.7263794],[135.9841087,33.7263418],[135.9841349,33.7262995],[135.9841511,33.7262694],[135.984168,33.7262448],[135.9842041,33.7262022],[135.9842069,33.7261968],[135.9842091,33.7261927],[135.9842131,33.7261854],[135.9842393,33.7261182],[135.9842627,33.726059],[135.9842685,33.7260419],[135.9842912,33.7259752],[135.9843033,33.7259351],[135.9843166,33.7258772],[135.9843333,33.7258191],[135.9843598,33.725761],[135.9843365,33.7257626],[135.9843165,33.7258396],[135.9842956,33.7258954],[135.9842899,33.7259211],[135.9842743,33.7259684],[135.9842659,33.7260006],[135.9842194,33.7261351],[135.9842096,33.7261596],[135.9841854,33.7261989],[135.9841527,33.7262399],[135.984128,33.7262805],[135.9840529,33.7263914],[135.9840418,33.7264032],[135.9840274,33.7264126],[135.9840132,33.7264147],[135.9840063,33.7264147],[135.9839926,33.7264138],[135.983976,33.7264092],[135.9839613,33.7264032],[135.9839313,33.7263886],[135.983908,33.7263746],[135.9837852,33.7262976],[135.9837194,33.7262595],[135.9836691,33.7262366],[135.9836436,33.7262305],[135.9836081,33.7262279],[135.9835819,33.7262288],[135.9835611,33.7262318],[135.9835521,33.7262348]]]}},{"type":"Feature","properties":{"kind":"numbered"},"geometry":{"type":"Polygon","coordinates":[[[135.9842685,33.7260419],[135.9842627,33.726059],[135.9842393,33.7261182],[135.9842131,33.7261854],[135.9842713,33.7262105],[135.9843158,33.7262211],[135.9843303,33.7261338],[135.9843523,33.7260594],[135.9842685,33.7260419]]]}},{"type":"Feature","properties":{"kind":"numbered"},"geometry":{"type":"Polygon","coordinates":[[[135.9839122,33.726235],[135.9841144,33.7262551],[135.9841603,33.7262024],[135.9841805,33.7261614],[135.9839224,33.7261374],[135.9839122,33.726235]]]}},{"type":"Feature","properties":{"kind":"numbered"},"geometry":{"type":"Polygon","coordinates":[[[135.9836408,33.7262372],[135.9836235,33.7262349],[135.9836173,33.7262353],[135.9836231,33.7262654],[135.9836297,33.7262808],[135.9836413,33.7262936],[135.9836753,33.7263195],[135.983687,33.7263256],[135.9837297,33.7263443],[135.9837674,33.7263657],[135.9837763,33.7263717],[135.9837745,33.7263016],[135.9837191,33.7262697],[135.9836694,33.726245],[135.9836552,33.7262404],[135.9836408,33.7262372]]]}},{"type":"Feature","properties":{"kind":"numbered"},"geometry":{"type":"Polygon","coordinates":[[[135.9843144,33.7262276],[135.9843158,33.7262211],[135.9842713,33.7262105],[135.9842131,33.7261854],[135.9842091,33.7261927],[135.9842613,33.7262124],[135.9843144,33.7262276]]]}},{"type":"Feature","properties":{"kind":"numbered"},"geometry":{"type":"Polygon","coordinates":[[[135.9841349,33.7262995],[135.9842071,33.7263149],[135.98426,33.7262179],[135.9842041,33.7262022],[135.984168,33.7262448],[135.9841511,33.7262694],[135.9841349,33.7262995]]]}},{"type":"Feature","properties":{"kind":"numbered"},"geometry":{"type":"Polygon","coordinates":[[[135.9836869,33.7263545],[135.983695,33.7263619],[135.9837317,33.7263829],[135.9837408,33.726391],[135.9837499,33.726403],[135.9837699,33.7264423],[135.9837747,33.7264288],[135.9837773,33.7263869],[135.9837763,33.7263717],[135.9837674,33.7263657],[135.9837297,33.7263443],[135.983687,33.7263256],[135.9836753,33.7263195],[135.9836751,33.726326],[135.9836768,33.7263347],[135.9836869,33.7263545]]]}},{"type":"Feature","properties":{"kind":"numbered"},"geometry":{"type":"Polygon","coordinates":[[[135.9843362,33.7263426],[135.9843395,33.7263266],[135.984371,33.7262454],[135.9843489,33.7262438],[135.9843258,33.7262389],[135.984313,33.7262348],[135.98426,33.7262179],[135.9842071,33.7263149],[135.9843362,33.7263426]]]}},{"type":"Feature","properties":{"kind":"numbered"},"geometry":{"type":"Polygon","coordinates":[[[135.9847384,33.7257965],[135.9847357,33.7257391],[135.9845393,33.7257505],[135.9845437,33.7258472],[135.9846144,33.7258475],[135.9847253,33.725848],[135.9847384,33.7257965]]]}},{"type":"Feature","properties":{"kind":"numbered"},"geometry":{"type":"Polygon","coordinates":[[[135.9847357,33.7257391],[135.9847384,33.7257965],[135.9847253,33.725848],[135.9847437,33.7258481],[135.9847555,33.7258023],[135.9847511,33.7257379],[135.9847357,33.7257391]]]}},{"type":"Feature","properties":{"kind":"numbered"},"geometry":{"type":"Polygon","coordinates":[[[135.9848069,33.7258949],[135.9848191,33.7258945],[135.9848143,33.7257342],[135.9847511,33.7257379],[135.9847555,33.7258023],[135.9847437,33.7258481],[135.9847318,33.7258975],[135.9848069,33.7258949]]]}},{"type":"Feature","properties":{"kind":"numbered"},"geometry":{"type":"Polygon","coordinates":[[[135.9848191,33.7258945],[135.9849121,33.725891],[135.9849045,33.7257663],[135.9850022,33.7257613],[135.9849995,33.7257237],[135.9848143,33.7257342],[135.9848191,33.7258945]]]}},{"type":"Feature","properties":{"kind":"numbered"},"geometry":{"type":"Polygon","coordinates":[[[135.9843033,33.7259351],[135.9843812,33.7259526],[135.9843985,33.7258903],[135.9843166,33.7258772],[135.9843033,33.7259351]]]}},{"type":"Feature","properties":{"kind":"numbered"},"geometry":{"type":"Polygon","coordinates":[[[135.9846144,33.7258475],[135.9846074,33.7259025],[135.9847318,33.7258975],[135.9847437,33.7258481],[135.9847253,33.725848],[135.9846144,33.7258475]]]}},{"type":"Feature","properties":{"kind":"numbered"},"geometry":{"type":"Polygon","coordinates":[[[135.9850093,33.7258879],[135.9850022,33.7257613],[135.9849045,33.7257663],[135.9849121,33.725891],[135.9850093,33.7258879]]]}},{"type":"Feature","properties":{"kind":"numbered"},"geometry":{"type":"Polygon","coordinates":[[[135.9848081,33.7259174],[135.9848069,33.7258949],[135.9847318,33.7258975],[135.9846074,33.7259025],[135.9846043,33.7259262],[135.9846645,33.7259243],[135.9847264,33.7259223],[135.9848082,33.7259196],[135.9848081,33.7259174]]]}},{"type":"Feature","properties":{"kind":"numbered"},"geometry":{"type":"Polygon","coordinates":[[[135.9843523,33.7260594],[135.9843812,33.7259526],[135.9843033,33.7259351],[135.9842912,33.7259752],[135.9842685,33.7260419],[135.9843523,33.7260594]]]}},{"type":"Feature","properties":{"kind":"numbered"},"geometry":{"type":"Polygon","coordinates":[[[135.9848191,33.7258945],[135.9848069,33.7258949],[135.9848081,33.7259174],[135.9848843,33.7259148],[135.9850114,33.7259105],[135.9850093,33.7258879],[135.9849121,33.725891],[135.9848191,33.7258945]]]}},{"type":"Feature","properties":{"kind":"numbered"},"geometry":{"type":"Polygon","coordinates":[[[135.9846693,33.7259906],[135.9846645,33.7259243],[135.9846043,33.7259262],[135.9845953,33.7259946],[135.9846693,33.7259906]]]}},{"type":"Feature","properties":{"kind":"numbered"},"geometry":{"type":"Polygon","coordinates":[[[135.9852239,33.7258863],[135.9852259,33.7258961],[135.9853091,33.7258718],[135.9853019,33.7257979],[135.9852107,33.7258064],[135.9852239,33.7258863]]]}},{"type":"Feature","properties":{"kind":"numbered"},"geometry":{"type":"Polygon","coordinates":[[[135.9853091,33.7258718],[135.9853975,33.725847],[135.9853912,33.7257901],[135.9853019,33.7257979],[135.9853091,33.7258718]]]}},{"type":"Feature","properties":{"kind":"numbered"},"geometry":{"type":"Polygon","coordinates":[[[135.9853975,33.725847],[135.9853091,33.7258718],[135.9852259,33.7258961],[135.9852659,33.7258859],[135.9853097,33.7258752],[135.9853466,33.7258666],[135.9853799,33.7258582],[135.9854194,33.7258482],[135.9855468,33.7258161],[135.9855395,33.7257759],[135.9853912,33.7257901],[135.9853975,33.725847]]]}},{"type":"Feature","properties":{"kind":"numbered"},"geometry":{"type":"Polygon","coordinates":[[[135.9844956,33.7259969],[135.9845126,33.72585],[135.9844076,33.7258591],[135.9843985,33.7258903],[135.9843812,33.7259526],[135.9843523,33.7260594],[135.9843303,33.7261338],[135.9843158,33.7262211],[135.9843523,33.7262297],[135.9843879,33.7262312],[135.9844178,33.7262298],[135.9844552,33.7262251],[135.9844956,33.7259969]]]}},{"type":"Feature","properties":{"kind":"numbered"},"geometry":{"type":"Polygon","coordinates":[[[135.9848082,33.7259196],[135.9847264,33.7259223],[135.9847332,33.7260176],[135.9847414,33.726034],[135.984756,33.7260438],[135.9848132,33.7260335],[135.9848082,33.7259196]]]}},{"type":"Feature","properties":{"kind":"numbered"},"geometry":{"type":"Polygon","coordinates":[[[135.9845126,33.72585],[135.9844956,33.7259969],[135.9844552,33.7262251],[135.9844988,33.7262196],[135.9845462,33.7262169],[135.9845668,33.7261278],[135.9845953,33.7259946],[135.9846043,33.7259262],[135.9846074,33.7259025],[135.9846144,33.7258475],[135.9845437,33.7258472],[135.9845126,33.72585]]]}},{"type":"Feature","properties":{"kind":"numbered"},"geometry":{"type":"Polygon","coordinates":[[[135.9848081,33.7259174],[135.9848082,33.7259196],[135.9848132,33.7260335],[135.9848918,33.726033],[135.9848843,33.7259148],[135.9848081,33.7259174]]]}},{"type":"Feature","properties":{"kind":"numbered"},"geometry":{"type":"Polygon","coordinates":[[[135.9851403,33.7258129],[135.9851633,33.7260141],[135.9852294,33.7260069],[135.9852067,33.7258895],[135.9852239,33.7258863],[135.9852107,33.7258064],[135.9851403,33.7258129]]]}},{"type":"Feature","properties":{"kind":"numbered"},"geometry":{"type":"Polygon","coordinates":[[[135.9850254,33.7260313],[135.9850114,33.7259105],[135.9848843,33.7259148],[135.9848918,33.726033],[135.9850254,33.7260313]]]}},{"type":"Feature","properties":{"kind":"numbered"},"geometry":{"type":"Polygon","coordinates":[[[135.9855737,33.7257985],[135.985607,33.7257967],[135.9857249,33.7257871],[135.9857213,33.7257603],[135.9855692,33.7257732],[135.9855737,33.7257985]]]}},{"type":"Feature","properties":{"kind":"numbered"},"geometry":{"type":"Polygon","coordinates":[[[135.985607,33.7257967],[135.9855737,33.7257985],[135.9855772,33.7258197],[135.9856204,33.7258166],[135.985665,33.725813],[135.9857119,33.7258094],[135.9857278,33.7258082],[135.9857249,33.7257871],[135.985607,33.7257967]]]}},{"type":"Feature","properties":{"kind":"numbered"},"geometry":{"type":"Polygon","coordinates":[[[135.9859413,33.7257416],[135.9857213,33.7257603],[135.9857249,33.7257871],[135.9858228,33.7257792],[135.9858256,33.7258007],[135.9858405,33.7257996],[135.985873,33.7257968],[135.9859181,33.7257933],[135.9859798,33.7257876],[135.9860187,33.7257864],[135.9860116,33.7257364],[135.9859413,33.7257416]]]}},{"type":"Feature","properties":{"kind":"numbered"},"geometry":{"type":"Polygon","coordinates":[[[135.9858256,33.7258007],[135.9858228,33.7257792],[135.9857249,33.7257871],[135.9857278,33.7258082],[135.9857532,33.7258063],[135.9858256,33.7258007]]]}},{"type":"Feature","properties":{"kind":"numbered"},"geometry":{"type":"Polygon","coordinates":[[[135.9856443,33.7259648],[135.9856204,33.7258166],[135.9855772,33.7258197],[135.9856047,33.725968],[135.9856443,33.7259648]]]}},{"type":"Feature","properties":{"kind":"numbered"},"geometry":{"type":"Polygon","coordinates":[[[135.9856204,33.7258166],[135.9856443,33.7259648],[135.9856868,33.7259614],[135.985665,33.725813],[135.9856204,33.7258166]]]}},{"type":"Feature","properties":{"kind":"numbered"},"geometry":{"type":"Polygon","coordinates":[[[135.9857119,33.7258094],[135.985665,33.725813],[135.9856868,33.7259614],[135.9857324,33.7259576],[135.9857119,33.7258094]]]}},{"type":"Feature","properties":{"kind":"road"},"geometry":{"type":"Polygon","coordinates":[[[135.9852778,33.7260013],[135.9852442,33.726005],[135.9852259,33.7258961],[135.9852239,33.7258863],[135.9852067,33.7258895],[135.9852294,33.7260069],[135.9851633,33.7260141],[135.9851663,33.7260393],[135.9852353,33.7260333],[135.9852505,33.7260322],[135.9852861,33.726029],[135.9853469,33.7260232],[135.9853616,33.726022],[135.9854093,33.7260178],[135.9854224,33.7260171],[135.9854844,33.7260118],[135.985528,33.7260077],[135.9855824,33.7260031],[135.9856095,33.7260003],[135.9856354,33.7259982],[135.985735,33.7259887],[135.9857774,33.7259849],[135.9858088,33.7259822],[135.9858256,33.7259807],[135.9858656,33.7259772],[135.9859125,33.725973],[135.9860441,33.725961],[135.9860428,33.7259516],[135.985907,33.7259632],[135.9859038,33.7259473],[135.9859031,33.7259437],[135.9858642,33.7259469],[135.9857735,33.7259543],[135.9857324,33.7259576],[135.9856868,33.7259614],[135.9856443,33.7259648],[135.9856047,33.725968],[135.9855772,33.7258197],[135.9855737,33.7257985],[135.9855692,33.7257732],[135.9855395,33.7257759],[135.9855468,33.7258161],[135.9855739,33.7259695],[135.9854388,33.7259837],[135.9853961,33.7259884],[135.9853632,33.725992],[135.9853263,33.725996],[135.9852778,33.7260013]]]}},{"type":"Feature","properties":{"kind":"numbered"},"geometry":{"type":"Polygon","coordinates":[[[135.9857735,33.7259543],[135.9857532,33.7258063],[135.9857278,33.7258082],[135.9857119,33.7258094],[135.9857324,33.7259576],[135.9857735,33.7259543]]]}},{"type":"Feature","properties":{"kind":"numbered"},"geometry":{"type":"Polygon","coordinates":[[[135.9858405,33.7257996],[135.9858256,33.7258007],[135.9857532,33.7258063],[135.9857735,33.7259543],[135.9858642,33.7259469],[135.9858405,33.7257996]]]}},{"type":"Feature","properties":{"kind":"numbered"},"geometry":{"type":"Polygon","coordinates":[[[135.9859031,33.7259437],[135.985873,33.7257968],[135.9858405,33.7257996],[135.9858642,33.7259469],[135.9859031,33.7259437]]]}},{"type":"Feature","properties":{"kind":"numbered"},"geometry":{"type":"Polygon","coordinates":[[[135.9859031,33.7259437],[135.9859038,33.7259473],[135.9859442,33.7259437],[135.9859181,33.7257933],[135.985873,33.7257968],[135.9859031,33.7259437]]]}},{"type":"Feature","properties":{"kind":"numbered"},"geometry":{"type":"Polygon","coordinates":[[[135.9860401,33.7259351],[135.9860187,33.7257864],[135.9859798,33.7257876],[135.9859181,33.7257933],[135.9859442,33.7259437],[135.9860401,33.7259351]]]}},{"type":"Feature","properties":{"kind":"numbered"},"geometry":{"type":"Polygon","coordinates":[[[135.9847332,33.7260176],[135.9847264,33.7259223],[135.9846645,33.7259243],[135.9846693,33.7259906],[135.9846958,33.7259897],[135.9846476,33.7261482],[135.9846424,33.7261657],[135.9846578,33.7261657],[135.9847147,33.7261651],[135.9847414,33.726034],[135.9847332,33.7260176]]]}},{"type":"Feature","properties":{"kind":"numbered"},"geometry":{"type":"Polygon","coordinates":[[[135.9852442,33.726005],[135.9852778,33.7260013],[135.9852659,33.7258859],[135.9852259,33.7258961],[135.9852442,33.726005]]]}},{"type":"Feature","properties":{"kind":"numbered"},"geometry":{"type":"Polygon","coordinates":[[[135.9846476,33.7261482],[135.9846958,33.7259897],[135.9846693,33.7259906],[135.9845953,33.7259946],[135.9845668,33.7261278],[135.9846189,33.7261409],[135.9846476,33.7261482]]]}},{"type":"Feature","properties":{"kind":"numbered"},"geometry":{"type":"Polygon","coordinates":[[[135.9853097,33.7258752],[135.9852659,33.7258859],[135.9852778,33.7260013],[135.9853263,33.725996],[135.9853097,33.7258752]]]}},{"type":"Feature","properties":{"kind":"numbered"},"geometry":{"type":"Polygon","coordinates":[[[135.9853263,33.725996],[135.9853632,33.725992],[135.9853466,33.7258666],[135.9853097,33.7258752],[135.9853263,33.725996]]]}},{"type":"Feature","properties":{"kind":"numbered"},"geometry":{"type":"Polygon","coordinates":[[[135.9853961,33.7259884],[135.9853799,33.7258582],[135.9853466,33.7258666],[135.9853632,33.725992],[135.9853961,33.7259884]]]}},{"type":"Feature","properties":{"kind":"numbered"},"geometry":{"type":"Polygon","coordinates":[[[135.9853799,33.7258582],[135.9853961,33.7259884],[135.9854388,33.7259837],[135.9854194,33.7258482],[135.9853799,33.7258582]]]}},{"type":"Feature","properties":{"kind":"numbered"},"geometry":{"type":"Polygon","coordinates":[[[135.9854194,33.7258482],[135.9854388,33.7259837],[135.9855739,33.7259695],[135.9855468,33.7258161],[135.9854194,33.7258482]]]}},{"type":"Feature","properties":{"kind":"water"},"geometry":{"type":"Polygon","coordinates":[[[135.9851633,33.7260141],[135.9851403,33.7258129],[135.9852107,33.7258064],[135.9853019,33.7257979],[135.9853912,33.7257901],[135.9855395,33.7257759],[135.9855692,33.7257732],[135.9857213,33.7257603],[135.9859413,33.7257416],[135.9860116,33.7257364],[135.9860187,33.7257864],[135.9860401,33.7259351],[135.9860428,33.7259516],[135.9860441,33.725961],[135.9860639,33.7261083],[135.9860655,33.7261196],[135.9860697,33.72615],[135.9861273,33.726154],[135.9860871,33.7257746],[135.986021,33.7256529],[135.9859674,33.7256572],[135.9859361,33.7256598],[135.9855979,33.7256876],[135.9850561,33.7257352],[135.9851135,33.7262744],[135.9851923,33.7262682],[135.9851825,33.7261847],[135.9851663,33.7260393],[135.9851633,33.7260141]]]}},{"type":"Feature","properties":{"kind":"numbered"},"geometry":{"type":"Polygon","coordinates":[[[135.9850389,33.7261535],[135.9850254,33.7260313],[135.9848918,33.726033],[135.9848132,33.7260335],[135.984756,33.7260438],[135.9847414,33.726034],[135.9847147,33.7261651],[135.9848432,33.7261658],[135.9849352,33.7261656],[135.9849357,33.7261545],[135.9850389,33.7261535]]]}},{"type":"Feature","properties":{"kind":"numbered"},"geometry":{"type":"Polygon","coordinates":[[[135.9846953,33.7262559],[135.9846916,33.7262027],[135.9846601,33.7262031],[135.9846221,33.7262029],[135.9846189,33.7261409],[135.9845668,33.7261278],[135.9845462,33.7262169],[135.984577,33.7262229],[135.9845969,33.726229],[135.9846656,33.7262461],[135.9846953,33.7262559]]]}},{"type":"Feature","properties":{"kind":"numbered"},"geometry":{"type":"Polygon","coordinates":[[[135.985041,33.7261728],[135.9850389,33.7261535],[135.9849357,33.7261545],[135.9849352,33.7261656],[135.9848432,33.7261658],[135.9847147,33.7261651],[135.9846578,33.7261657],[135.9846424,33.7261657],[135.9846476,33.7261482],[135.9846189,33.7261409],[135.9846221,33.7262029],[135.9846601,33.7262031],[135.9846916,33.7262027],[135.9848082,33.726201],[135.9848526,33.7262004],[135.9848896,33.7262001],[135.9849259,33.7261997],[135.9849398,33.7261795],[135.9849583,33.7261733],[135.985041,33.7261728]]]}},{"type":"Feature","properties":{"kind":"road"},"geometry":{"type":"Polygon","coordinates":[[[135.9847161,33.7262655],[135.9846953,33.7262559],[135.9846656,33.7262461],[135.9845969,33.726229],[135.984577,33.7262229],[135.9845462,33.7262169],[135.9844988,33.7262196],[135.9844552,33.7262251],[135.9844178,33.7262298],[135.9843879,33.7262312],[135.9843523,33.7262297],[135.9843158,33.7262211],[135.9843144,33.7262276],[135.9842613,33.7262124],[135.9842091,33.7261927],[135.9842069,33.7261968],[135.9842041,33.7262022],[135.98426,33.7262179],[135.984313,33.7262348],[135.9843258,33.7262389],[135.9843489,33.7262438],[135.984371,33.7262454],[135.9843949,33.7262442],[135.9844713,33.7262359],[135.9845356,33.7262328],[135.9845552,33.7262335],[135.9845812,33.7262358],[135.9846177,33.7262449],[135.9846542,33.7262568],[135.9846899,33.7262685],[135.9847287,33.7262843],[135.9847635,33.7262951],[135.9847762,33.7263001],[135.9847797,33.7262887],[135.9847161,33.7262655]]]}},{"type":"Feature","properties":{"kind":"numbered"},"geometry":{"type":"Polygon","coordinates":[[[135.9852353,33.7260333],[135.9851663,33.7260393],[135.9851825,33.7261847],[135.9852252,33.726182],[135.9852167,33.7260912],[135.9852395,33.7260894],[135.9852353,33.7260333]]]}},{"type":"Feature","properties":{"kind":"numbered"},"geometry":{"type":"Polygon","coordinates":[[[135.985256,33.7261045],[135.9852364,33.7261078],[135.9852406,33.7261632],[135.9852994,33.7261601],[135.9852861,33.726029],[135.9852505,33.7260322],[135.985256,33.7261045]]]}},{"type":"Feature","properties":{"kind":"numbered"},"geometry":{"type":"Polygon","coordinates":[[[135.9856171,33.7260648],[135.9856095,33.7260003],[135.9855824,33.7260031],[135.9855841,33.7260677],[135.9855999,33.7260663],[135.9856171,33.7260648]]]}},{"type":"Feature","properties":{"kind":"numbered"},"geometry":{"type":"Polygon","coordinates":[[[135.9852994,33.7261601],[135.9853586,33.7261573],[135.9853469,33.7260232],[135.9852861,33.726029],[135.9852994,33.7261601]]]}},{"type":"Feature","properties":{"kind":"numbered"},"geometry":{"type":"Polygon","coordinates":[[[135.9852364,33.7261078],[135.985256,33.7261045],[135.9852505,33.7260322],[135.9852353,33.7260333],[135.9852395,33.7260894],[135.9852167,33.7260912],[135.9852252,33.726182],[135.9853019,33.726176],[135.9852994,33.7261601],[135.9852406,33.7261632],[135.9852364,33.7261078]]]}},{"type":"Feature","properties":{"kind":"numbered"},"geometry":{"type":"Polygon","coordinates":[[[135.9853737,33.7261561],[135.9853616,33.726022],[135.9853469,33.7260232],[135.9853586,33.7261573],[135.9853737,33.7261561]]]}},{"type":"Feature","properties":{"kind":"numbered"},"geometry":{"type":"Polygon","coordinates":[[[135.9853616,33.726022],[135.9853737,33.7261561],[135.9854239,33.7261531],[135.9854093,33.7260178],[135.9853616,33.726022]]]}},{"type":"Feature","properties":{"kind":"numbered"},"geometry":{"type":"Polygon","coordinates":[[[135.9854388,33.7261526],[135.9854224,33.7260171],[135.9854093,33.7260178],[135.9854239,33.7261531],[135.9854388,33.7261526]]]}},{"type":"Feature","properties":{"kind":"numbered"},"geometry":{"type":"Polygon","coordinates":[[[135.9855483,33.7261452],[135.985528,33.7260077],[135.9854844,33.7260118],[135.985503,33.7261484],[135.9855483,33.7261452]]]}},{"type":"Feature","properties":{"kind":"numbered"},"geometry":{"type":"Polygon","coordinates":[[[135.9855501,33.7261522],[135.9855483,33.7261452],[135.985503,33.7261484],[135.9854844,33.7260118],[135.9854224,33.7260171],[135.9854388,33.7261526],[135.9854239,33.7261531],[135.9854274,33.7261612],[135.9855501,33.7261522]]]}},{"type":"Feature","properties":{"kind":"numbered"},"geometry":{"type":"Polygon","coordinates":[[[135.985528,33.7260077],[135.9855483,33.7261452],[135.9855921,33.7261427],[135.9855841,33.7260677],[135.9855824,33.7260031],[135.985528,33.7260077]]]}},{"type":"Feature","properties":{"kind":"numbered"},"geometry":{"type":"Polygon","coordinates":[[[135.9846916,33.7262027],[135.9846953,33.7262559],[135.9847161,33.7262655],[135.9847797,33.7262887],[135.9848119,33.7262886],[135.9848118,33.726288],[135.9848117,33.7262868],[135.9848082,33.726201],[135.9846916,33.7262027]]]}},{"type":"Feature","properties":{"kind":"numbered"},"geometry":{"type":"Polygon","coordinates":[[[135.984547,33.7263153],[135.9845838,33.7263162],[135.9845997,33.7263177],[135.9846523,33.7263244],[135.9846542,33.7262568],[135.9846177,33.7262449],[135.9845812,33.7262358],[135.9845552,33.7262335],[135.9845359,33.7262389],[135.9844868,33.7262402],[135.9844946,33.726316],[135.984547,33.7263153]]]}},{"type":"Feature","properties":{"kind":"water"},"geometry":{"type":"Polygon","coordinates":[[[135.9845359,33.7262389],[135.9845552,33.7262335],[135.9845356,33.7262328],[135.9844713,33.7262359],[135.9843949,33.7262442],[135.984371,33.7262454],[135.9843395,33.7263266],[135.9843362,33.7263426],[135.9843253,33.7264056],[135.9843195,33.7264138],[135.9843062,33.7264304],[135.9843012,33.726435],[135.9843132,33.7264373],[135.9843278,33.7264245],[135.9843341,33.7264086],[135.9843465,33.7263642],[135.9843533,33.7263227],[135.9843754,33.7262653],[135.9843851,33.726259],[135.9844049,33.7262505],[135.9844337,33.7262456],[135.9844868,33.7262402],[135.9845359,33.7262389]]]}},{"type":"Feature","properties":{"kind":"numbered"},"geometry":{"type":"Polygon","coordinates":[[[135.9849583,33.7261733],[135.9849398,33.7261795],[135.9849259,33.7261997],[135.9848896,33.7262001],[135.9848526,33.7262004],[135.9848082,33.726201],[135.9848117,33.7262868],[135.98485,33.7262846],[135.9848583,33.7262842],[135.9848947,33.7262821],[135.9849305,33.72628],[135.9849497,33.7262789],[135.9849461,33.7262514],[135.9850493,33.7262466],[135.985041,33.7261728],[135.9849583,33.7261733]]]}},{"type":"Feature","properties":{"kind":"numbered"},"geometry":{"type":"Polygon","coordinates":[[[135.9855921,33.7261427],[135.9856107,33.7261412],[135.9855999,33.7260663],[135.9855841,33.7260677],[135.9855921,33.7261427]]]}},{"type":"Feature","properties":{"kind":"strip"},"geometry":{"type":"Polygon","coordinates":[[[135.9854239,33.7261531],[135.9853737,33.7261561],[135.9853586,33.7261573],[135.9852994,33.7261601],[135.9853019,33.726176],[135.985477,33.726164],[135.9855508,33.7261584],[135.9855501,33.7261522],[135.9854274,33.7261612],[135.9854239,33.7261531]]]}},{"type":"Feature","properties":{"kind":"numbered"},"geometry":{"type":"Polygon","coordinates":[[[135.985907,33.7259632],[135.9860428,33.7259516],[135.9860401,33.7259351],[135.9859442,33.7259437],[135.9859038,33.7259473],[135.985907,33.7259632]]]}},{"type":"Feature","properties":{"kind":"numbered"},"geometry":{"type":"Polygon","coordinates":[[[135.9856095,33.7260003],[135.9856171,33.7260648],[135.9856444,33.7260624],[135.9856354,33.7259982],[135.9856095,33.7260003]]]}},{"type":"Feature","properties":{"kind":"numbered"},"geometry":{"type":"Polygon","coordinates":[[[135.9855999,33.7260663],[135.9856107,33.7261412],[135.9857566,33.726131],[135.985735,33.7259887],[135.9856354,33.7259982],[135.9856444,33.7260624],[135.9856171,33.7260648],[135.9855999,33.7260663]]]}},{"type":"Feature","properties":{"kind":"numbered"},"geometry":{"type":"Polygon","coordinates":[[[135.985735,33.7259887],[135.9857566,33.726131],[135.9857987,33.7261276],[135.9857774,33.7259849],[135.985735,33.7259887]]]}},{"type":"Feature","properties":{"kind":"numbered"},"geometry":{"type":"Polygon","coordinates":[[[135.9857987,33.7261276],[135.985829,33.7261254],[135.9858088,33.7259822],[135.9857774,33.7259849],[135.9857987,33.7261276]]]}},{"type":"Feature","properties":{"kind":"numbered"},"geometry":{"type":"Polygon","coordinates":[[[135.9858088,33.7259822],[135.985829,33.7261254],[135.9858464,33.7261242],[135.9858256,33.7259807],[135.9858088,33.7259822]]]}},{"type":"Feature","properties":{"kind":"numbered"},"geometry":{"type":"Polygon","coordinates":[[[135.9858464,33.7261242],[135.9858889,33.7261212],[135.9858656,33.7259772],[135.9858256,33.7259807],[135.9858464,33.7261242]]]}},{"type":"Feature","properties":{"kind":"numbered"},"geometry":{"type":"Polygon","coordinates":[[[135.9859385,33.7261176],[135.9859125,33.725973],[135.9858656,33.7259772],[135.9858889,33.7261212],[135.9859385,33.7261176]]]}},{"type":"Feature","properties":{"kind":"numbered"},"geometry":{"type":"Polygon","coordinates":[[[135.9860639,33.7261083],[135.9860441,33.725961],[135.9859125,33.725973],[135.9859385,33.7261176],[135.9860639,33.7261083]]]}},{"type":"Feature","properties":{"kind":"numbered"},"geometry":{"type":"Polygon","coordinates":[[[135.9856107,33.7261412],[135.9855921,33.7261427],[135.9855483,33.7261452],[135.9855501,33.7261522],[135.9855508,33.7261584],[135.9860655,33.7261196],[135.9860639,33.7261083],[135.9859385,33.7261176],[135.9858889,33.7261212],[135.9858464,33.7261242],[135.985829,33.7261254],[135.9857987,33.7261276],[135.9857566,33.726131],[135.9856107,33.7261412]]]}},{"type":"Feature","properties":{"kind":"numbered"},"geometry":{"type":"Polygon","coordinates":[[[135.9841652,33.7263915],[135.9842071,33.7263149],[135.9841349,33.7262995],[135.9841087,33.7263418],[135.9840822,33.7263794],[135.9841652,33.7263915]]]}},{"type":"Feature","properties":{"kind":"numbered"},"geometry":{"type":"Polygon","coordinates":[[[135.9840165,33.7263889],[135.9839983,33.7263829],[135.9839783,33.7263782],[135.9839167,33.726372],[135.983908,33.7263746],[135.9839313,33.7263886],[135.9839613,33.7264032],[135.983976,33.7264092],[135.9839926,33.7264138],[135.9840063,33.7264147],[135.9840285,33.7263953],[135.9840165,33.7263889]]]}},{"type":"Feature","properties":{"kind":"numbered"},"geometry":{"type":"Polygon","coordinates":[[[135.9842071,33.7263149],[135.9841652,33.7263915],[135.9843195,33.7264138],[135.9843253,33.7264056],[135.9843362,33.7263426],[135.9842071,33.7263149]]]}},{"type":"Feature","properties":{"kind":"numbered"},"geometry":{"type":"Polygon","coordinates":[[[135.9840625,33.7264023],[135.9841527,33.7264148],[135.9841652,33.7263915],[135.9840822,33.7263794],[135.9840717,33.7263942],[135.9840625,33.7264023]]]}},{"type":"Feature","properties":{"kind":"numbered"},"geometry":{"type":"Polygon","coordinates":[[[135.9843062,33.7264304],[135.9843195,33.7264138],[135.9841652,33.7263915],[135.9841527,33.7264148],[135.9841607,33.7264159],[135.9843012,33.726435],[135.9843062,33.7264304]]]}},{"type":"Feature","properties":{"kind":"numbered"},"geometry":{"type":"Polygon","coordinates":[[[135.9840278,33.7264274],[135.984014,33.7264288],[135.9840039,33.7264389],[135.9839554,33.7264978],[135.9840267,33.7264954],[135.9841089,33.7264966],[135.9841527,33.7264148],[135.9840625,33.7264023],[135.9840478,33.7264156],[135.984036,33.7264237],[135.9840278,33.7264274]]]}},{"type":"Feature","properties":{"kind":"numbered"},"geometry":{"type":"Polygon","coordinates":[[[135.9841588,33.7264307],[135.9841607,33.7264159],[135.9841527,33.7264148],[135.9841089,33.7264966],[135.9841152,33.7264967],[135.9841588,33.7264307]]]}},{"type":"Feature","properties":{"kind":"numbered"},"geometry":{"type":"Polygon","coordinates":[[[135.9843073,33.7264424],[135.9843132,33.7264373],[135.9843012,33.726435],[135.9841607,33.7264159],[135.9841588,33.7264307],[135.9841152,33.7264967],[135.9841075,33.7265066],[135.9840453,33.726506],[135.983958,33.7265131],[135.9839488,33.7265181],[135.9839447,33.7265481],[135.9842069,33.7265697],[135.9842283,33.7265064],[135.9842619,33.7264861],[135.984277,33.7264757],[135.9843073,33.7264424]]]}},{"type":"Feature","properties":{"kind":"numbered"},"geometry":{"type":"Polygon","coordinates":[[[135.983862,33.7268487],[135.9838748,33.7267606],[135.9838881,33.7266003],[135.9838942,33.7265647],[135.9839016,33.7265402],[135.983914,33.7265115],[135.9839427,33.726484],[135.9839811,33.7264387],[135.9839962,33.7264243],[135.9839671,33.7264114],[135.9839295,33.7263991],[135.9839154,33.7263926],[135.9838985,33.7263826],[135.9837982,33.7263157],[135.9837745,33.7263016],[135.9837763,33.7263717],[135.9837773,33.7263869],[135.9837747,33.7264288],[135.9837699,33.7264423],[135.9837622,33.7264826],[135.9837507,33.726515],[135.9837418,33.7265304],[135.9837155,33.7265633],[135.9836749,33.7266017],[135.9836625,33.7266179],[135.9836569,33.7266302],[135.9836544,33.7266549],[135.9836622,33.7266887],[135.9836623,33.7267005],[135.9836573,33.7267253],[135.983643,33.7267597],[135.9836425,33.7267667],[135.9836469,33.7267723],[135.983682,33.7267805],[135.983709,33.7267885],[135.9837511,33.7267985],[135.9837782,33.7268077],[135.9838232,33.7268299],[135.9838483,33.7268413],[135.983862,33.7268487]]]}},{"type":"Feature","properties":{"kind":"numbered"},"geometry":{"type":"Polygon","coordinates":[[[135.9844696,33.726468],[135.9844637,33.7264326],[135.9844458,33.7264198],[135.9844028,33.7264121],[135.9843341,33.7264086],[135.9843278,33.7264245],[135.9843132,33.7264373],[135.9843073,33.7264424],[135.984277,33.7264757],[135.9842619,33.7264861],[135.9842283,33.7265064],[135.9842069,33.7265697],[135.9842012,33.7265869],[135.9844537,33.7266133],[135.9844601,33.7265932],[135.9844682,33.7265564],[135.9844706,33.7265036],[135.9844696,33.726468]]]}},{"type":"Feature","properties":{"kind":"numbered"},"geometry":{"type":"Polygon","coordinates":[[[135.9846523,33.7263244],[135.984658,33.7263537],[135.9846581,33.726377],[135.984783,33.7263739],[135.9847762,33.7263001],[135.9847635,33.7262951],[135.9847287,33.7262843],[135.9846899,33.7262685],[135.9846542,33.7262568],[135.9846523,33.7263244]]]}},{"type":"Feature","properties":{"kind":"numbered"},"geometry":{"type":"Polygon","coordinates":[[[135.9845838,33.7263162],[135.984547,33.7263153],[135.9844946,33.726316],[135.9845038,33.726395],[135.9845948,33.7263927],[135.9846037,33.7263894],[135.9845997,33.7263177],[135.9845838,33.7263162]]]}},{"type":"Feature","properties":{"kind":"numbered"},"geometry":{"type":"Polygon","coordinates":[[[135.9846873,33.7264316],[135.9847875,33.7264258],[135.984787,33.7264234],[135.984783,33.7263739],[135.9846581,33.726377],[135.984658,33.7263537],[135.9846523,33.7263244],[135.9845997,33.7263177],[135.9846037,33.7263894],[135.9845948,33.7263927],[135.9845038,33.726395],[135.9845079,33.7264298],[135.9846533,33.7264329],[135.9846873,33.7264316]]]}},{"type":"Feature","properties":{"kind":"numbered"},"geometry":{"type":"Polygon","coordinates":[[[135.9848224,33.7264199],[135.9848214,33.7264075],[135.9848119,33.7262886],[135.9847797,33.7262887],[135.9847762,33.7263001],[135.984783,33.7263739],[135.984787,33.7264234],[135.9848224,33.7264199]]]}},{"type":"Feature","properties":{"kind":"numbered"},"geometry":{"type":"Polygon","coordinates":[[[135.9850647,33.7263842],[135.9850493,33.7262466],[135.9849461,33.7262514],[135.9849497,33.7262789],[135.9849305,33.72628],[135.9848947,33.7262821],[135.9848583,33.7262842],[135.98485,33.7262846],[135.9848117,33.7262868],[135.9848118,33.726288],[135.9848119,33.7262886],[135.9848214,33.7264075],[135.9850647,33.7263842]]]}},{"type":"Feature","properties":{"kind":"numbered"},"geometry":{"type":"Polygon","coordinates":[[[135.9844946,33.726316],[135.9844868,33.7262402],[135.9844337,33.7262456],[135.9844049,33.7262505],[135.9843851,33.726259],[135.9843754,33.7262653],[135.9843533,33.7263227],[135.9843465,33.7263642],[135.9843341,33.7264086],[135.9844028,33.7264121],[135.9844458,33.7264198],[135.9844637,33.7264326],[135.9844696,33.726468],[135.9844706,33.7265036],[135.9844682,33.7265564],[135.9844601,33.7265932],[135.9844537,33.7266133],[135.9844405,33.7266662],[135.9844386,33.7266792],[135.9844716,33.7266775],[135.984482,33.7266574],[135.9844954,33.726624],[135.9845001,33.7266107],[135.9845027,33.7265889],[135.9845127,33.7265585],[135.9845142,33.7265501],[135.9845156,33.7264958],[135.9845079,33.7264298],[135.9845038,33.726395],[135.9844946,33.726316]]]}},{"type":"Feature","properties":{"kind":"road"},"geometry":{"type":"Polygon","coordinates":[[[135.9850561,33.7257352],[135.9849995,33.7257237],[135.9850022,33.7257613],[135.9850093,33.7258879],[135.9850114,33.7259105],[135.9850254,33.7260313],[135.9850389,33.7261535],[135.985041,33.7261728],[135.9850493,33.7262466],[135.9850647,33.7263842],[135.985066,33.7263962],[135.9850716,33.726447],[135.9850793,33.7265165],[135.9850794,33.7265175],[135.9850853,33.7265706],[135.9850901,33.7266193],[135.985095,33.7266614],[135.9850988,33.7266921],[135.9851026,33.7267223],[135.9851148,33.7268377],[135.9851192,33.7268903],[135.9851208,33.7269331],[135.9851039,33.7269557],[135.9850876,33.7269694],[135.985003,33.7269963],[135.9849849,33.7270074],[135.984964,33.7270271],[135.985004,33.7270341],[135.9850255,33.7270234],[135.985095,33.7269969],[135.9851321,33.7269737],[135.9851523,33.7269561],[135.9851652,33.7269389],[135.9851802,33.7269143],[135.9851135,33.7262744],[135.9850561,33.7257352]]]}},{"type":"Feature","properties":{"kind":"numbered"},"geometry":{"type":"Polygon","coordinates":[[[135.985066,33.7263962],[135.9850647,33.7263842],[135.9848214,33.7264075],[135.9848224,33.7264199],[135.9848623,33.726416],[135.9849624,33.726406],[135.985066,33.7263962]]]}},{"type":"Feature","properties":{"kind":"numbered"},"geometry":{"type":"Polygon","coordinates":[[[135.984657,33.7265572],[135.9846533,33.7264329],[135.9845079,33.7264298],[135.9845156,33.7264958],[135.9845142,33.7265501],[135.9845127,33.7265585],[135.984657,33.7265572]]]}},{"type":"Feature","properties":{"kind":"numbered"},"geometry":{"type":"Polygon","coordinates":[[[135.9847875,33.7264258],[135.9846873,33.7264316],[135.9846533,33.7264329],[135.984657,33.7265572],[135.9846697,33.7265572],[135.9847875,33.7265578],[135.9847853,33.7265472],[135.9847998,33.7265456],[135.9847997,33.7265444],[135.9847875,33.7264258]]]}},{"type":"Feature","properties":{"kind":"numbered"},"geometry":{"type":"Polygon","coordinates":[[[135.9839447,33.7265481],[135.9839488,33.7265181],[135.9839457,33.7265198],[135.9839371,33.7265284],[135.9839255,33.726568],[135.9839062,33.7267238],[135.9839206,33.7267247],[135.9839237,33.7267026],[135.9839287,33.7266654],[135.9839447,33.7265481]]]}},{"type":"Feature","properties":{"kind":"numbered"},"geometry":{"type":"Polygon","coordinates":[[[135.9842012,33.7265869],[135.9842069,33.7265697],[135.9839447,33.7265481],[135.9839287,33.7266654],[135.9841716,33.7266727],[135.9842012,33.7265869]]]}},{"type":"Feature","properties":{"kind":"road"},"geometry":{"type":"Polygon","coordinates":[[[135.9838748,33.7267606],[135.983862,33.7268487],[135.9838805,33.7268542],[135.9839087,33.7265989],[135.9839167,33.7265581],[135.9839265,33.7265311],[135.9839397,33.7265121],[135.9839554,33.7264978],[135.9840039,33.7264389],[135.984014,33.7264288],[135.9840072,33.7264276],[135.9839962,33.7264243],[135.9839811,33.7264387],[135.9839427,33.726484],[135.983914,33.7265115],[135.9839016,33.7265402],[135.9838942,33.7265647],[135.9838881,33.7266003],[135.9838748,33.7267606]]]}},{"type":"Feature","properties":{"kind":"water"},"geometry":{"type":"Polygon","coordinates":[[[135.9841075,33.7265066],[135.9841152,33.7264967],[135.9841089,33.7264966],[135.9840267,33.7264954],[135.9839554,33.7264978],[135.9839397,33.7265121],[135.9839265,33.7265311],[135.9839167,33.7265581],[135.9839087,33.7265989],[135.9838805,33.7268542],[135.9838887,33.7268586],[135.9838873,33.7268442],[135.9838918,33.7268171],[135.9839026,33.7267525],[135.9839062,33.7267238],[135.9839255,33.726568],[135.9839371,33.7265284],[135.9839457,33.7265198],[135.9839488,33.7265181],[135.983958,33.7265131],[135.9840453,33.726506],[135.9841075,33.7265066]]]}},{"type":"Feature","properties":{"kind":"numbered"},"geometry":{"type":"Polygon","coordinates":[[[135.9841585,33.726711],[135.9841716,33.7266727],[135.9839287,33.7266654],[135.9839237,33.7267026],[135.9841585,33.726711]]]}},{"type":"Feature","properties":{"kind":"numbered"},"geometry":{"type":"Polygon","coordinates":[[[135.9841372,33.7267728],[135.9841585,33.726711],[135.9839237,33.7267026],[135.9839206,33.7267247],[135.9839194,33.726735],[135.9840248,33.7267423],[135.9840223,33.7267679],[135.9841372,33.7267728]]]}},{"type":"Feature","properties":{"kind":"numbered"},"geometry":{"type":"Polygon","coordinates":[[[135.9844386,33.7266792],[135.9844364,33.7266946],[135.984435,33.7267233],[135.9844505,33.7267227],[135.9844544,33.726722],[135.9844549,33.7267048],[135.9844658,33.7266889],[135.9844716,33.7266775],[135.9844386,33.7266792]]]}},{"type":"Feature","properties":{"kind":"numbered"},"geometry":{"type":"Polygon","coordinates":[[[135.9840223,33.7267679],[135.9840248,33.7267423],[135.9839194,33.726735],[135.9839066,33.7268148],[135.9839245,33.726852],[135.9840106,33.7268994],[135.9840223,33.7267679]]]}},{"type":"Feature","properties":{"kind":"numbered"},"geometry":{"type":"Polygon","coordinates":[[[135.9840106,33.7268994],[135.9839245,33.726852],[135.9839066,33.7268148],[135.9839194,33.726735],[135.9839206,33.7267247],[135.9839062,33.7267238],[135.9839026,33.7267525],[135.9838918,33.7268171],[135.9839167,33.7268648],[135.9840093,33.7269145],[135.9840761,33.7269504],[135.9840804,33.7269377],[135.9840106,33.7268994]]]}},{"type":"Feature","properties":{"kind":"numbered"},"geometry":{"type":"Polygon","coordinates":[[[135.9840804,33.7269377],[135.9841372,33.7267728],[135.9840223,33.7267679],[135.9840106,33.7268994],[135.9840804,33.7269377]]]}},{"type":"Feature","properties":{"kind":"numbered"},"geometry":{"type":"Polygon","coordinates":[[[135.9850716,33.726447],[135.985066,33.7263962],[135.9849624,33.726406],[135.9848623,33.726416],[135.9848224,33.7264199],[135.984787,33.7264234],[135.9847875,33.7264258],[135.9847997,33.7265444],[135.9849161,33.7265328],[135.9849084,33.7264578],[135.9849139,33.7264526],[135.985061,33.7264396],[135.9850716,33.726447]]]}},{"type":"Feature","properties":{"kind":"numbered"},"geometry":{"type":"Polygon","coordinates":[[[135.9850793,33.7265165],[135.9850716,33.726447],[135.985061,33.7264396],[135.9849139,33.7264526],[135.9849084,33.7264578],[135.9849161,33.7265328],[135.9850793,33.7265165]]]}},{"type":"Feature","properties":{"kind":"numbered"},"geometry":{"type":"Polygon","coordinates":[[[135.9846697,33.7265572],[135.984657,33.7265572],[135.9845127,33.7265585],[135.9845027,33.7265889],[135.9845001,33.7266107],[135.9844954,33.726624],[135.9846753,33.7266156],[135.9846697,33.7265572]]]}},{"type":"Feature","properties":{"kind":"numbered"},"geometry":{"type":"Polygon","coordinates":[[[135.9850794,33.7265175],[135.9850793,33.7265165],[135.9849161,33.7265328],[135.9847997,33.7265444],[135.9847998,33.7265456],[135.9848679,33.7265388],[135.9849048,33.726535],[135.9850794,33.7265175]]]}},{"type":"Feature","properties":{"kind":"numbered"},"geometry":{"type":"Polygon","coordinates":[[[135.9849048,33.726535],[135.9849103,33.7265897],[135.9850853,33.7265706],[135.9850794,33.7265175],[135.9849048,33.726535]]]}},{"type":"Feature","properties":{"kind":"numbered"},"geometry":{"type":"Polygon","coordinates":[[[135.9846805,33.7266662],[135.9846753,33.7266156],[135.9844954,33.726624],[135.984482,33.7266574],[135.9844716,33.7266775],[135.9846805,33.7266662]]]}},{"type":"Feature","properties":{"kind":"numbered"},"geometry":{"type":"Polygon","coordinates":[[[135.9846805,33.7266662],[135.9846854,33.7267103],[135.9847237,33.7267079],[135.9847743,33.7267054],[135.9848351,33.7267023],[135.9848494,33.7267179],[135.9848607,33.7267241],[135.9848687,33.7267214],[135.9848576,33.7267056],[135.9848864,33.7267],[135.9848679,33.7265388],[135.9847998,33.7265456],[135.9847853,33.7265472],[135.9847875,33.7265578],[135.9846697,33.7265572],[135.9846753,33.7266156],[135.9846805,33.7266662]]]}},{"type":"Feature","properties":{"kind":"numbered"},"geometry":{"type":"Polygon","coordinates":[[[135.9849048,33.726535],[135.9848679,33.7265388],[135.9848864,33.7267],[135.9849215,33.7266932],[135.9849163,33.7266436],[135.9849103,33.7265897],[135.9849048,33.726535]]]}},{"type":"Feature","properties":{"kind":"numbered"},"geometry":{"type":"Polygon","coordinates":[[[135.9850901,33.7266193],[135.9850853,33.7265706],[135.9849103,33.7265897],[135.9849163,33.7266436],[135.9850901,33.7266193]]]}},{"type":"Feature","properties":{"kind":"numbered"},"geometry":{"type":"Polygon","coordinates":[[[135.9846854,33.7267103],[135.9846805,33.7266662],[135.9844716,33.7266775],[135.9844658,33.7266889],[135.9844549,33.7267048],[135.9844544,33.726722],[135.9846854,33.7267103]]]}},{"type":"Feature","properties":{"kind":"numbered"},"geometry":{"type":"Polygon","coordinates":[[[135.9843524,33.7270332],[135.9843767,33.7269803],[135.9844068,33.726886],[135.9844234,33.7268273],[135.9844323,33.7267811],[135.984435,33.7267233],[135.9844364,33.7266946],[135.9844386,33.7266792],[135.9844405,33.7266662],[135.9844537,33.7266133],[135.9842012,33.7265869],[135.9841716,33.7266727],[135.9841585,33.726711],[135.9841372,33.7267728],[135.9840804,33.7269377],[135.9840761,33.7269504],[135.9840735,33.7269579],[135.9841667,33.7269973],[135.9842527,33.7270183],[135.984307,33.7270281],[135.9843334,33.7270316],[135.9843524,33.7270332]]]}},{"type":"Feature","properties":{"kind":"numbered"},"geometry":{"type":"Polygon","coordinates":[[[135.9840735,33.7269579],[135.9840761,33.7269504],[135.9840093,33.7269145],[135.9839167,33.7268648],[135.9838918,33.7268171],[135.9838873,33.7268442],[135.9838887,33.7268586],[135.9839365,33.7268808],[135.9839597,33.7268938],[135.9839957,33.7269206],[135.9840353,33.7269419],[135.9840735,33.7269579]]]}},{"type":"Feature","properties":{"kind":"strip"},"geometry":{"type":"Polygon","coordinates":[[[135.9844494,33.7267386],[135.9844505,33.7267227],[135.984435,33.7267233],[135.9844323,33.7267811],[135.9844234,33.7268273],[135.9844068,33.726886],[135.9843767,33.7269803],[135.9843524,33.7270332],[135.9843734,33.7270345],[135.9843756,33.7270251],[135.9843843,33.7269998],[135.9844029,33.7269578],[135.984432,33.726876],[135.9844397,33.7268448],[135.9844459,33.7268131],[135.984451,33.7267792],[135.9844494,33.7267386]]]}},{"type":"Feature","properties":{"kind":"strip"},"geometry":{"type":"Polygon","coordinates":[[[135.9844527,33.7267454],[135.9844544,33.726722],[135.9844505,33.7267227],[135.9844494,33.7267386],[135.984451,33.7267792],[135.9844459,33.7268131],[135.9844397,33.7268448],[135.984432,33.726876],[135.9844029,33.7269578],[135.9843843,33.7269998],[135.9843756,33.7270251],[135.9843734,33.7270345],[135.9843839,33.7270351],[135.9844002,33.7269847],[135.9844141,33.7269501],[135.9844394,33.7268766],[135.9844531,33.7268145],[135.9844556,33.7268033],[135.9844574,33.7267858],[135.9844527,33.7267454]]]}},{"type":"Feature","properties":{"kind":"numbered"},"geometry":{"type":"Polygon","coordinates":[[[135.9844002,33.7269847],[135.9843839,33.7270351],[135.984437,33.727045],[135.9845352,33.7270575],[135.984583,33.7270629],[135.9845896,33.7269932],[135.9845896,33.7269148],[135.9845858,33.7268741],[135.9845763,33.7268301],[135.9845714,33.7268167],[135.9845654,33.7268084],[135.9844531,33.7268145],[135.9844394,33.7268766],[135.9844141,33.7269501],[135.9844002,33.7269847]]]}},{"type":"Feature","properties":{"kind":"numbered"},"geometry":{"type":"Polygon","coordinates":[[[135.9850901,33.7266193],[135.9849163,33.7266436],[135.9849215,33.7266932],[135.9849774,33.7266823],[135.985095,33.7266614],[135.9850901,33.7266193]]]}},{"type":"Feature","properties":{"kind":"numbered"},"geometry":{"type":"Polygon","coordinates":[[[135.9848576,33.7267056],[135.9848687,33.7267214],[135.9848607,33.7267241],[135.9848494,33.7267179],[135.9848351,33.7267023],[135.9847743,33.7267054],[135.9847853,33.7267452],[135.9849241,33.7267216],[135.9849215,33.7266932],[135.9848864,33.7267],[135.9848576,33.7267056]]]}},{"type":"Feature","properties":{"kind":"numbered"},"geometry":{"type":"Polygon","coordinates":[[[135.9846854,33.7267103],[135.9844544,33.726722],[135.9844527,33.7267454],[135.9844574,33.7267858],[135.9844556,33.7268033],[135.9844531,33.7268145],[135.9845654,33.7268084],[135.9847989,33.7267958],[135.9847932,33.7267746],[135.9847853,33.7267452],[135.9847743,33.7267054],[135.9847237,33.7267079],[135.9846854,33.7267103]]]}},{"type":"Feature","properties":{"kind":"numbered"},"geometry":{"type":"Polygon","coordinates":[[[135.9850988,33.7266921],[135.985095,33.7266614],[135.9849774,33.7266823],[135.9849215,33.7266932],[135.9849241,33.7267216],[135.9850988,33.7266921]]]}},{"type":"Feature","properties":{"kind":"numbered"},"geometry":{"type":"Polygon","coordinates":[[[135.9851026,33.7267223],[135.9850988,33.7266921],[135.9849241,33.7267216],[135.9847853,33.7267452],[135.9847932,33.7267746],[135.984875,33.7267607],[135.9851026,33.7267223]]]}},{"type":"Feature","properties":{"kind":"numbered"},"geometry":{"type":"Polygon","coordinates":[[[135.984875,33.7267607],[135.9847932,33.7267746],[135.9847989,33.7267958],[135.9848932,33.7267912],[135.984903,33.726838],[135.9849138,33.7268637],[135.9851148,33.7268377],[135.9851026,33.7267223],[135.984875,33.7267607]]]}},{"type":"Feature","properties":{"kind":"numbered"},"geometry":{"type":"Polygon","coordinates":[[[135.9845654,33.7268084],[135.9845714,33.7268167],[135.9845763,33.7268301],[135.9845858,33.7268741],[135.9845896,33.7269148],[135.9846095,33.7269127],[135.9846303,33.7269123],[135.9846671,33.7269165],[135.9847064,33.7269249],[135.984768,33.7269434],[135.9847994,33.726956],[135.9848682,33.7269882],[135.9848935,33.7270007],[135.9849084,33.7270055],[135.984933,33.7270175],[135.9849517,33.7270251],[135.984964,33.7270271],[135.9849849,33.7270074],[135.985003,33.7269963],[135.9849991,33.7269847],[135.9849989,33.7269684],[135.9849955,33.7269538],[135.9849871,33.7269406],[135.9849658,33.7269199],[135.9849585,33.7269116],[135.9849258,33.7268825],[135.9849138,33.7268637],[135.984903,33.726838],[135.9848932,33.7267912],[135.9847989,33.7267958],[135.9845654,33.7268084]]]}},{"type":"Feature","properties":{"kind":"numbered"},"geometry":{"type":"Polygon","coordinates":[[[135.9851148,33.7268377],[135.9849138,33.7268637],[135.9849258,33.7268825],[135.9849585,33.7269116],[135.9851192,33.7268903],[135.9851148,33.7268377]]]}},{"type":"Feature","properties":{"kind":"numbered"},"geometry":{"type":"Polygon","coordinates":[[[135.985003,33.7269963],[135.9850876,33.7269694],[135.9851039,33.7269557],[135.9851208,33.7269331],[135.9851192,33.7268903],[135.9849585,33.7269116],[135.9849658,33.7269199],[135.9849871,33.7269406],[135.9849955,33.7269538],[135.9849989,33.7269684],[135.9849991,33.7269847],[135.985003,33.7269963]]]}}]}